x,y,z,color,text
168,48,186,#a830ba,#a830ba
117,78,188,#754ebc,#754ebc
53,213,226,#35d5e2,#35d5e2
27,79,251,#1b4ffb,#1b4ffb
152,76,125,#984c7d,#984c7d
30,231,114,#1ee772,#1ee772
247,64,116,#f74074,#f74074
103,187,169,#67bba9,#67bba9
155,219,215,#9bdbd7,#9bdbd7
76,179,38,#4cb326,#4cb326
222,16,233,#de10e9,#de10e9
95,203,138,#5fcb8a,#5fcb8a
212,207,187,#d4cfbb,#d4cfbb
22,79,196,#164fc4,#164fc4
12,75,45,#0c4b2d,#0c4b2d
65,148,67,#419443,#419443
91,11,162,#5b0ba2,#5b0ba2
0,253,254,#00fdfe,#00fdfe
156,68,206,#9c44ce,#9c44ce
29,102,2,#1d6602,#1d6602
219,81,217,#db51d9,#db51d9
9,223,82,#09df52,#09df52
187,60,38,#bb3c26,#bb3c26
68,39,33,#442721,#442721
174,223,218,#aedfda,#aedfda
150,196,249,#96c4f9,#96c4f9
72,152,102,#489866,#489866
160,77,75,#a04d4b,#a04d4b
144,44,53,#902c35,#902c35
59,116,31,#3b741f,#3b741f
20,216,19,#14d813,#14d813
237,67,179,#ed43b3,#ed43b3
144,233,77,#90e94d,#90e94d
91,70,114,#5b4672,#5b4672
227,56,124,#e3387c,#e3387c
86,106,209,#566ad1,#566ad1
193,6,84,#c10654,#c10654
149,79,36,#954f24,#954f24
47,213,118,#2fd576,#2fd576
212,4,44,#d4042c,#d4042c
159,61,164,#9f3da4,#9f3da4
156,4,152,#9c0498,#9c0498
117,47,37,#752f25,#752f25
171,62,65,#ab3e41,#ab3e41
224,36,192,#e024c0,#e024c0
196,223,101,#c4df65,#c4df65
73,207,32,#49cf20,#49cf20
247,201,107,#f7c96b,#f7c96b
255,28,121,#ff1c79,#ff1c79
156,94,2,#9c5e02,#9c5e02
27,117,202,#1b75ca,#1b75ca
68,13,156,#440d9c,#440d9c
198,68,95,#c6445f,#c6445f
242,213,59,#f2d53b,#f2d53b
27,166,102,#1ba666,#1ba666
19,30,164,#131ea4,#131ea4
100,29,30,#641d1e,#641d1e
241,189,224,#f1bde0,#f1bde0
254,99,13,#fe630d,#fe630d
132,195,81,#84c351,#84c351
176,20,32,#b01420,#b01420
96,193,196,#60c1c4,#60c1c4
253,39,70,#fd2746,#fd2746
51,126,76,#337e4c,#337e4c
138,170,56,#8aaa38,#8aaa38
85,121,41,#557929,#557929
8,32,104,#082068,#082068
126,126,193,#7e7ec1,#7e7ec1
76,66,129,#4c4281,#4c4281
70,57,14,#46390e,#46390e
162,245,0,#a2f500,#a2f500
16,171,163,#10aba3,#10aba3
204,27,93,#cc1b5d,#cc1b5d
46,177,169,#2eb1a9,#2eb1a9
130,220,54,#82dc36,#82dc36
115,12,248,#730cf8,#730cf8
173,222,16,#adde10,#adde10
119,16,220,#7710dc,#7710dc
70,160,82,#46a052,#46a052
13,158,64,#0d9e40,#0d9e40
236,162,70,#eca246,#eca246
74,213,124,#4ad57c,#4ad57c
193,234,154,#c1ea9a,#c1ea9a
1,250,160,#01faa0,#01faa0
80,128,129,#508081,#508081
52,210,153,#34d299,#34d299
103,149,196,#6795c4,#6795c4
136,136,134,#888886,#888886
89,61,121,#593d79,#593d79
191,195,162,#bfc3a2,#bfc3a2
52,239,197,#34efc5,#34efc5
224,78,125,#e04e7d,#e04e7d
151,142,168,#978ea8,#978ea8
242,212,98,#f2d462,#f2d462
93,181,23,#5db517,#5db517
24,8,123,#18087b,#18087b
89,142,163,#598ea3,#598ea3
100,32,100,#642064,#642064
166,79,121,#a64f79,#a64f79
85,45,46,#552d2e,#552d2e
190,167,155,#bea79b,#bea79b
25,170,143,#19aa8f,#19aa8f
152,0,51,#980033,#980033
173,225,240,#ade1f0,#ade1f0
176,169,209,#b0a9d1,#b0a9d1
39,111,54,#276f36,#276f36
202,96,208,#ca60d0,#ca60d0
132,62,218,#843eda,#843eda
139,139,32,#8b8b20,#8b8b20
200,76,248,#c84cf8,#c84cf8
184,141,244,#b88df4,#b88df4
108,0,33,#6c0021,#6c0021
82,144,203,#5290cb,#5290cb
232,243,248,#e8f3f8,#e8f3f8
230,193,190,#e6c1be,#e6c1be
3,1,117,#030175,#030175
207,246,64,#cff640,#cff640
205,36,21,#cd2415,#cd2415
252,112,75,#fc704b,#fc704b
0,198,69,#00c645,#00c645
30,211,100,#1ed364,#1ed364
64,19,206,#4013ce,#4013ce
250,114,179,#fa72b3,#fa72b3
252,22,111,#fc166f,#fc166f
171,30,196,#ab1ec4,#ab1ec4
164,199,210,#a4c7d2,#a4c7d2
227,193,189,#e3c1bd,#e3c1bd
211,165,241,#d3a5f1,#d3a5f1
143,96,10,#8f600a,#8f600a
136,34,233,#8822e9,#8822e9
151,189,3,#97bd03,#97bd03
25,245,241,#19f5f1,#19f5f1
89,61,51,#593d33,#593d33
74,136,239,#4a88ef,#4a88ef
112,22,67,#701643,#701643
205,134,136,#cd8688,#cd8688
74,80,234,#4a50ea,#4a50ea
98,31,194,#621fc2,#621fc2
147,173,13,#93ad0d,#93ad0d
133,162,34,#85a222,#85a222
168,202,219,#a8cadb,#a8cadb
76,108,179,#4c6cb3,#4c6cb3
215,117,183,#d775b7,#d775b7
204,196,195,#ccc4c3,#ccc4c3
131,43,183,#832bb7,#832bb7
88,162,112,#58a270,#58a270
246,192,203,#f6c0cb,#f6c0cb
50,123,29,#327b1d,#327b1d
170,251,134,#aafb86,#aafb86
182,120,246,#b678f6,#b678f6
49,105,142,#31698e,#31698e
139,248,207,#8bf8cf,#8bf8cf
51,201,50,#33c932,#33c932
226,248,152,#e2f898,#e2f898
134,254,83,#86fe53,#86fe53
0,34,46,#00222e,#00222e
141,165,103,#8da567,#8da567
30,16,31,#1e101f,#1e101f
245,183,53,#f5b735,#f5b735
150,157,143,#969d8f,#969d8f
162,35,86,#a22356,#a22356
24,185,219,#18b9db,#18b9db
207,69,56,#cf4538,#cf4538
24,16,178,#1810b2,#1810b2
109,163,91,#6da35b,#6da35b
189,160,163,#bda0a3,#bda0a3
123,115,41,#7b7329,#7b7329
250,245,74,#faf54a,#faf54a
87,66,62,#57423e,#57423e
215,18,73,#d71249,#d71249
185,198,86,#b9c656,#b9c656
32,52,150,#203496,#203496
173,253,8,#adfd08,#adfd08
246,102,44,#f6662c,#f6662c
30,253,171,#1efdab,#1efdab
40,189,75,#28bd4b,#28bd4b
244,30,13,#f41e0d,#f41e0d
13,177,82,#0db152,#0db152
16,142,110,#108e6e,#108e6e
189,229,160,#bde5a0,#bde5a0
113,252,193,#71fcc1,#71fcc1
47,92,143,#2f5c8f,#2f5c8f
169,41,180,#a929b4,#a929b4
249,211,217,#f9d3d9,#f9d3d9
68,40,80,#442850,#442850
52,236,251,#34ecfb,#34ecfb
170,189,229,#aabde5,#aabde5
94,86,6,#5e5606,#5e5606
68,187,89,#44bb59,#44bb59
210,213,149,#d2d595,#d2d595
198,185,154,#c6b99a,#c6b99a
173,42,141,#ad2a8d,#ad2a8d
4,115,231,#0473e7,#0473e7
197,215,139,#c5d78b,#c5d78b
187,29,153,#bb1d99,#bb1d99
101,215,82,#65d752,#65d752
30,128,181,#1e80b5,#1e80b5
99,81,69,#635145,#635145
158,39,157,#9e279d,#9e279d
252,166,153,#fca699,#fca699
212,172,185,#d4acb9,#d4acb9
208,91,22,#d05b16,#d05b16
4,13,91,#040d5b,#040d5b
104,120,209,#6878d1,#6878d1
69,87,31,#45571f,#45571f
149,147,34,#959322,#959322
83,240,11,#53f00b,#53f00b
161,61,183,#a13db7,#a13db7
201,87,60,#c9573c,#c9573c
6,101,102,#066566,#066566
143,148,66,#8f9442,#8f9442
253,71,224,#fd47e0,#fd47e0
199,227,44,#c7e32c,#c7e32c
18,247,48,#12f730,#12f730
248,232,196,#f8e8c4,#f8e8c4
129,133,162,#8185a2,#8185a2
101,114,129,#657281,#657281
227,103,251,#e367fb,#e367fb
11,126,13,#0b7e0d,#0b7e0d
63,199,216,#3fc7d8,#3fc7d8
161,106,89,#a16a59,#a16a59
18,45,122,#122d7a,#122d7a
167,191,158,#a7bf9e,#a7bf9e
120,101,169,#7865a9,#7865a9
37,77,142,#254d8e,#254d8e
164,69,226,#a445e2,#a445e2
244,76,9,#f44c09,#f44c09
227,24,67,#e31843,#e31843
243,215,115,#f3d773,#f3d773
176,224,29,#b0e01d,#b0e01d
132,96,72,#846048,#846048
212,242,207,#d4f2cf,#d4f2cf
253,110,170,#fd6eaa,#fd6eaa
142,4,52,#8e0434,#8e0434
16,135,167,#1087a7,#1087a7
208,213,51,#d0d533,#d0d533
160,196,95,#a0c45f,#a0c45f
93,87,28,#5d571c,#5d571c
217,177,46,#d9b12e,#d9b12e
2,241,101,#02f165,#02f165
209,199,91,#d1c75b,#d1c75b
42,90,46,#2a5a2e,#2a5a2e
41,133,60,#29853c,#29853c
64,54,162,#4036a2,#4036a2
161,62,55,#a13e37,#a13e37
38,72,197,#2648c5,#2648c5
149,49,52,#953134,#953134
124,205,55,#7ccd37,#7ccd37
226,42,116,#e22a74,#e22a74
7,162,219,#07a2db,#07a2db
101,226,158,#65e29e,#65e29e
158,47,41,#9e2f29,#9e2f29
141,173,40,#8dad28,#8dad28
0,196,207,#00c4cf,#00c4cf
173,80,62,#ad503e,#ad503e
167,221,121,#a7dd79,#a7dd79
104,77,51,#684d33,#684d33
176,201,68,#b0c944,#b0c944
128,5,154,#80059a,#80059a
128,51,163,#8033a3,#8033a3
9,150,77,#09964d,#09964d
25,191,189,#19bfbd,#19bfbd
165,167,80,#a5a750,#a5a750
190,218,12,#beda0c,#beda0c
237,25,23,#ed1917,#ed1917
253,87,141,#fd578d,#fd578d
236,157,58,#ec9d3a,#ec9d3a
156,173,104,#9cad68,#9cad68
31,103,57,#1f6739,#1f6739
75,68,190,#4b44be,#4b44be
120,207,231,#78cfe7,#78cfe7
102,139,65,#668b41,#668b41
203,172,52,#cbac34,#cbac34
61,32,94,#3d205e,#3d205e
53,189,243,#35bdf3,#35bdf3
207,130,42,#cf822a,#cf822a
162,248,191,#a2f8bf,#a2f8bf
124,16,128,#7c1080,#7c1080
7,227,54,#07e336,#07e336
59,173,7,#3bad07,#3bad07
221,222,252,#dddefc,#dddefc
1,254,253,#01fefd,#01fefd
218,159,249,#da9ff9,#da9ff9
17,186,47,#11ba2f,#11ba2f
22,199,175,#16c7af,#16c7af
218,178,138,#dab28a,#dab28a
98,31,151,#621f97,#621f97
213,195,240,#d5c3f0,#d5c3f0
8,73,174,#0849ae,#0849ae
89,200,83,#59c853,#59c853
19,86,236,#1356ec,#1356ec
65,91,217,#415bd9,#415bd9
108,180,86,#6cb456,#6cb456
168,100,224,#a864e0,#a864e0
92,43,185,#5c2bb9,#5c2bb9
81,16,180,#5110b4,#5110b4
128,210,124,#80d27c,#80d27c
216,94,155,#d85e9b,#d85e9b
122,65,205,#7a41cd,#7a41cd
51,138,212,#338ad4,#338ad4
169,234,134,#a9ea86,#a9ea86
9,32,68,#092044,#092044
107,165,254,#6ba5fe,#6ba5fe
50,40,84,#322854,#322854
211,139,42,#d38b2a,#d38b2a
150,66,4,#964204,#964204
142,97,103,#8e6167,#8e6167
157,129,225,#9d81e1,#9d81e1
104,182,214,#68b6d6,#68b6d6
88,255,2,#58ff02,#58ff02
51,166,48,#33a630,#33a630
94,43,136,#5e2b88,#5e2b88
166,50,45,#a6322d,#a6322d
32,119,197,#2077c5,#2077c5
37,236,120,#25ec78,#25ec78
156,233,68,#9ce944,#9ce944
176,249,7,#b0f907,#b0f907
218,250,31,#dafa1f,#dafa1f
89,132,226,#5984e2,#5984e2
137,17,90,#89115a,#89115a
145,104,55,#916837,#916837
147,248,125,#93f87d,#93f87d
172,229,183,#ace5b7,#ace5b7
94,62,243,#5e3ef3,#5e3ef3
111,149,19,#6f9513,#6f9513
143,220,18,#8fdc12,#8fdc12
68,204,43,#44cc2b,#44cc2b
89,173,134,#59ad86,#59ad86
130,168,230,#82a8e6,#82a8e6
217,16,46,#d9102e,#d9102e
254,134,34,#fe8622,#fe8622
253,97,65,#fd6141,#fd6141
167,248,158,#a7f89e,#a7f89e
192,30,112,#c01e70,#c01e70
234,122,76,#ea7a4c,#ea7a4c
80,30,22,#501e16,#501e16
233,235,253,#e9ebfd,#e9ebfd
200,89,15,#c8590f,#c8590f
195,210,81,#c3d251,#c3d251
194,69,155,#c2459b,#c2459b
222,133,68,#de8544,#de8544
16,119,119,#107777,#107777
100,40,130,#642882,#642882
51,160,231,#33a0e7,#33a0e7
130,42,144,#822a90,#822a90
255,139,38,#ff8b26,#ff8b26
95,81,62,#5f513e,#5f513e
43,51,176,#2b33b0,#2b33b0
65,36,52,#412434,#412434
214,179,176,#d6b3b0,#d6b3b0
7,175,30,#07af1e,#07af1e
132,180,103,#84b467,#84b467
135,167,50,#87a732,#87a732
217,114,165,#d972a5,#d972a5
153,74,141,#994a8d,#994a8d
228,154,35,#e49a23,#e49a23
16,145,202,#1091ca,#1091ca
41,96,31,#29601f,#29601f
71,102,29,#47661d,#47661d
45,197,78,#2dc54e,#2dc54e
127,142,155,#7f8e9b,#7f8e9b
186,105,155,#ba699b,#ba699b
126,15,61,#7e0f3d,#7e0f3d
192,129,70,#c08146,#c08146
169,237,29,#a9ed1d,#a9ed1d
220,128,63,#dc803f,#dc803f
51,155,239,#339bef,#339bef
249,92,141,#f95c8d,#f95c8d
14,70,214,#0e46d6,#0e46d6
141,52,43,#8d342b,#8d342b
41,248,43,#29f82b,#29f82b
91,3,201,#5b03c9,#5b03c9
229,178,143,#e5b28f,#e5b28f
210,217,188,#d2d9bc,#d2d9bc
202,100,90,#ca645a,#ca645a
204,236,112,#ccec70,#ccec70
214,61,151,#d63d97,#d63d97
147,23,176,#9317b0,#9317b0
7,156,236,#079cec,#079cec
85,253,205,#55fdcd,#55fdcd
24,42,91,#182a5b,#182a5b
32,48,161,#2030a1,#2030a1
91,228,41,#5be429,#5be429
216,31,141,#d81f8d,#d81f8d
87,110,30,#576e1e,#576e1e
146,151,40,#929728,#929728
87,234,23,#57ea17,#57ea17
180,199,48,#b4c730,#b4c730
4,172,76,#04ac4c,#04ac4c
8,106,162,#086aa2,#086aa2
135,17,115,#871173,#871173
156,85,128,#9c5580,#9c5580
109,201,248,#6dc9f8,#6dc9f8
19,173,227,#13ade3,#13ade3
253,192,70,#fdc046,#fdc046
211,181,219,#d3b5db,#d3b5db
45,125,58,#2d7d3a,#2d7d3a
156,175,63,#9caf3f,#9caf3f
209,102,203,#d166cb,#d166cb
117,81,91,#75515b,#75515b
219,233,62,#dbe93e,#dbe93e
5,159,202,#059fca,#059fca
97,23,75,#61174b,#61174b
189,68,105,#bd4469,#bd4469
91,123,70,#5b7b46,#5b7b46
188,214,9,#bcd609,#bcd609
205,189,180,#cdbdb4,#cdbdb4
30,149,154,#1e959a,#1e959a
91,239,172,#5befac,#5befac
176,35,238,#b023ee,#b023ee
205,47,12,#cd2f0c,#cd2f0c
59,0,211,#3b00d3,#3b00d3
233,66,193,#e942c1,#e942c1
45,134,21,#2d8615,#2d8615
176,237,195,#b0edc3,#b0edc3
41,224,56,#29e038,#29e038
248,30,124,#f81e7c,#f81e7c
169,39,92,#a9275c,#a9275c
220,234,7,#dcea07,#dcea07
125,252,94,#7dfc5e,#7dfc5e
178,204,132,#b2cc84,#b2cc84
46,173,95,#2ead5f,#2ead5f
248,86,154,#f8569a,#f8569a
60,186,126,#3cba7e,#3cba7e
149,255,39,#95ff27,#95ff27
123,147,239,#7b93ef,#7b93ef
90,173,156,#5aad9c,#5aad9c
217,58,72,#d93a48,#d93a48
70,255,198,#46ffc6,#46ffc6
85,206,229,#55cee5,#55cee5
133,147,247,#8593f7,#8593f7
148,0,77,#94004d,#94004d
127,199,188,#7fc7bc,#7fc7bc
96,212,128,#60d480,#60d480
244,24,218,#f418da,#f418da
145,168,43,#91a82b,#91a82b
111,112,80,#6f7050,#6f7050
183,135,146,#b78792,#b78792
141,34,231,#8d22e7,#8d22e7
94,230,247,#5ee6f7,#5ee6f7
216,52,122,#d8347a,#d8347a
239,155,123,#ef9b7b,#ef9b7b
94,231,171,#5ee7ab,#5ee7ab
196,42,18,#c42a12,#c42a12
192,64,226,#c040e2,#c040e2
38,207,145,#26cf91,#26cf91
155,93,32,#9b5d20,#9b5d20
247,13,194,#f70dc2,#f70dc2
143,88,69,#8f5845,#8f5845
87,20,51,#571433,#571433
96,110,109,#606e6d,#606e6d
190,29,35,#be1d23,#be1d23
101,33,9,#652109,#652109
183,188,201,#b7bcc9,#b7bcc9
98,16,236,#6210ec,#6210ec
37,18,59,#25123b,#25123b
189,136,95,#bd885f,#bd885f
240,2,246,#f002f6,#f002f6
128,82,57,#805239,#805239
128,244,233,#80f4e9,#80f4e9
130,137,146,#828992,#828992
32,226,168,#20e2a8,#20e2a8
4,181,4,#04b504,#04b504
0,61,54,#003d36,#003d36
113,227,146,#71e392,#71e392
241,195,167,#f1c3a7,#f1c3a7
164,133,22,#a48516,#a48516
218,249,121,#daf979,#daf979
12,235,72,#0ceb48,#0ceb48
84,175,137,#54af89,#54af89
108,14,215,#6c0ed7,#6c0ed7
227,200,168,#e3c8a8,#e3c8a8
56,112,25,#387019,#387019
228,20,16,#e41410,#e41410
127,74,163,#7f4aa3,#7f4aa3
155,0,47,#9b002f,#9b002f
75,243,169,#4bf3a9,#4bf3a9
248,89,243,#f859f3,#f859f3
82,113,198,#5271c6,#5271c6
215,16,145,#d71091,#d71091
6,49,12,#06310c,#06310c
28,217,49,#1cd931,#1cd931
128,11,234,#800bea,#800bea
219,221,85,#dbdd55,#dbdd55
200,240,191,#c8f0bf,#c8f0bf
57,182,140,#39b68c,#39b68c
116,225,187,#74e1bb,#74e1bb
213,150,195,#d596c3,#d596c3
193,242,83,#c1f253,#c1f253
238,76,138,#ee4c8a,#ee4c8a
98,174,9,#62ae09,#62ae09
216,153,140,#d8998c,#d8998c
126,236,158,#7eec9e,#7eec9e
61,117,61,#3d753d,#3d753d
127,159,135,#7f9f87,#7f9f87
194,203,181,#c2cbb5,#c2cbb5
134,227,12,#86e30c,#86e30c
226,72,140,#e2488c,#e2488c
154,5,223,#9a05df,#9a05df
3,214,6,#03d606,#03d606
205,249,133,#cdf985,#cdf985
224,159,161,#e09fa1,#e09fa1
38,49,199,#2631c7,#2631c7
4,50,217,#0432d9,#0432d9
113,150,44,#71962c,#71962c
149,201,220,#95c9dc,#95c9dc
247,235,174,#f7ebae,#f7ebae
85,29,251,#551dfb,#551dfb
242,201,30,#f2c91e,#f2c91e
38,150,60,#26963c,#26963c
122,173,16,#7aad10,#7aad10
200,136,247,#c888f7,#c888f7
178,225,122,#b2e17a,#b2e17a
82,226,99,#52e263,#52e263
217,83,2,#d95302,#d95302
104,145,164,#6891a4,#6891a4
223,25,97,#df1961,#df1961
194,126,241,#c27ef1,#c27ef1
155,74,165,#9b4aa5,#9b4aa5
208,7,156,#d0079c,#d0079c
57,67,225,#3943e1,#3943e1
253,54,243,#fd36f3,#fd36f3
141,63,81,#8d3f51,#8d3f51
251,234,4,#fbea04,#fbea04
163,216,205,#a3d8cd,#a3d8cd
239,78,41,#ef4e29,#ef4e29
214,124,140,#d67c8c,#d67c8c
132,183,141,#84b78d,#84b78d
27,197,109,#1bc56d,#1bc56d
80,236,137,#50ec89,#50ec89
155,245,34,#9bf522,#9bf522
167,196,112,#a7c470,#a7c470
234,81,158,#ea519e,#ea519e
112,224,97,#70e061,#70e061
85,108,92,#556c5c,#556c5c
182,142,96,#b68e60,#b68e60
97,123,179,#617bb3,#617bb3
5,232,72,#05e848,#05e848
145,191,96,#91bf60,#91bf60
161,201,151,#a1c997,#a1c997
13,102,208,#0d66d0,#0d66d0
208,35,245,#d023f5,#d023f5
39,175,32,#27af20,#27af20
152,65,135,#984187,#984187
137,214,134,#89d686,#89d686
96,251,177,#60fbb1,#60fbb1
105,211,83,#69d353,#69d353
145,13,62,#910d3e,#910d3e
125,254,36,#7dfe24,#7dfe24
253,233,3,#fde903,#fde903
210,94,198,#d25ec6,#d25ec6
66,85,115,#425573,#425573
140,170,4,#8caa04,#8caa04
245,114,121,#f57279,#f57279
115,90,32,#735a20,#735a20
219,199,201,#dbc7c9,#dbc7c9
175,203,29,#afcb1d,#afcb1d
133,85,246,#8555f6,#8555f6
93,100,178,#5d64b2,#5d64b2
29,121,5,#1d7905,#1d7905
211,5,248,#d305f8,#d305f8
147,10,228,#930ae4,#930ae4
20,236,182,#14ecb6,#14ecb6
218,119,105,#da7769,#da7769
108,173,254,#6cadfe,#6cadfe
134,75,63,#864b3f,#864b3f
67,135,135,#438787,#438787
138,107,244,#8a6bf4,#8a6bf4
162,108,57,#a26c39,#a26c39
146,207,235,#92cfeb,#92cfeb
93,21,128,#5d1580,#5d1580
239,96,160,#ef60a0,#ef60a0
204,100,43,#cc642b,#cc642b
149,143,144,#958f90,#958f90
5,246,144,#05f690,#05f690
210,37,157,#d2259d,#d2259d
123,103,100,#7b6764,#7b6764
229,108,108,#e56c6c,#e56c6c
250,150,51,#fa9633,#fa9633
55,184,229,#37b8e5,#37b8e5
18,45,61,#122d3d,#122d3d
131,51,178,#8333b2,#8333b2
249,179,168,#f9b3a8,#f9b3a8
195,184,135,#c3b887,#c3b887
192,15,161,#c00fa1,#c00fa1
186,232,71,#bae847,#bae847
241,253,58,#f1fd3a,#f1fd3a
241,185,160,#f1b9a0,#f1b9a0
12,223,167,#0cdfa7,#0cdfa7
21,248,80,#15f850,#15f850
246,114,179,#f672b3,#f672b3
29,251,147,#1dfb93,#1dfb93
59,170,165,#3baaa5,#3baaa5
133,26,169,#851aa9,#851aa9
241,135,235,#f187eb,#f187eb
185,30,164,#b91ea4,#b91ea4
66,45,65,#422d41,#422d41
193,202,91,#c1ca5b,#c1ca5b
142,125,120,#8e7d78,#8e7d78
83,141,107,#538d6b,#538d6b
137,158,6,#899e06,#899e06
25,103,73,#196749,#196749
15,43,215,#0f2bd7,#0f2bd7
15,87,108,#0f576c,#0f576c
244,71,210,#f447d2,#f447d2
88,110,193,#586ec1,#586ec1
228,202,1,#e4ca01,#e4ca01
114,170,169,#72aaa9,#72aaa9
148,60,218,#943cda,#943cda
178,117,78,#b2754e,#b2754e
178,60,205,#b23ccd,#b23ccd
157,97,156,#9d619c,#9d619c
28,216,85,#1cd855,#1cd855
41,22,253,#2916fd,#2916fd
6,99,100,#066364,#066364
72,150,109,#48966d,#48966d
238,143,24,#ee8f18,#ee8f18
14,37,159,#0e259f,#0e259f
51,90,216,#335ad8,#335ad8
97,223,154,#61df9a,#61df9a
76,186,181,#4cbab5,#4cbab5
115,125,171,#737dab,#737dab
116,231,81,#74e751,#74e751
97,127,83,#617f53,#617f53
44,9,28,#2c091c,#2c091c
236,185,60,#ecb93c,#ecb93c
71,163,28,#47a31c,#47a31c
93,2,251,#5d02fb,#5d02fb
154,176,185,#9ab0b9,#9ab0b9
100,156,200,#649cc8,#649cc8
18,232,172,#12e8ac,#12e8ac
49,68,91,#31445b,#31445b
122,162,194,#7aa2c2,#7aa2c2
88,156,17,#589c11,#589c11
110,156,246,#6e9cf6,#6e9cf6
18,180,188,#12b4bc,#12b4bc
183,160,216,#b7a0d8,#b7a0d8
14,128,21,#0e8015,#0e8015
10,87,24,#0a5718,#0a5718
19,227,215,#13e3d7,#13e3d7
94,55,13,#5e370d,#5e370d
187,224,138,#bbe08a,#bbe08a
44,223,208,#2cdfd0,#2cdfd0
113,109,33,#716d21,#716d21
189,45,18,#bd2d12,#bd2d12
229,43,15,#e52b0f,#e52b0f
157,216,48,#9dd830,#9dd830
48,156,1,#309c01,#309c01
204,31,140,#cc1f8c,#cc1f8c
7,246,98,#07f662,#07f662
32,218,186,#20daba,#20daba
105,137,187,#6989bb,#6989bb
147,54,71,#933647,#933647
219,83,119,#db5377,#db5377
54,85,40,#365528,#365528
59,197,48,#3bc530,#3bc530
176,25,238,#b019ee,#b019ee
210,91,11,#d25b0b,#d25b0b
46,14,245,#2e0ef5,#2e0ef5
194,175,67,#c2af43,#c2af43
89,197,15,#59c50f,#59c50f
176,122,81,#b07a51,#b07a51
236,164,141,#eca48d,#eca48d
117,17,135,#751187,#751187
163,33,236,#a321ec,#a321ec
61,157,156,#3d9d9c,#3d9d9c
76,131,180,#4c83b4,#4c83b4
62,194,26,#3ec21a,#3ec21a
56,21,202,#3815ca,#3815ca
151,169,205,#97a9cd,#97a9cd
22,126,238,#167eee,#167eee
46,25,86,#2e1956,#2e1956
205,123,106,#cd7b6a,#cd7b6a
41,235,40,#29eb28,#29eb28
141,127,141,#8d7f8d,#8d7f8d
216,2,114,#d80272,#d80272
189,121,91,#bd795b,#bd795b
210,249,231,#d2f9e7,#d2f9e7
99,143,194,#638fc2,#638fc2
128,108,21,#806c15,#806c15
164,53,203,#a435cb,#a435cb
55,77,117,#374d75,#374d75
235,86,46,#eb562e,#eb562e
246,104,140,#f6688c,#f6688c
246,30,238,#f61eee,#f61eee
241,223,35,#f1df23,#f1df23
102,15,57,#660f39,#660f39
16,5,235,#1005eb,#1005eb
188,20,25,#bc1419,#bc1419
237,255,232,#edffe8,#edffe8
143,8,177,#8f08b1,#8f08b1
239,133,1,#ef8501,#ef8501
47,136,149,#2f8895,#2f8895
56,133,0,#388500,#388500
63,35,228,#3f23e4,#3f23e4
88,200,240,#58c8f0,#58c8f0
82,3,228,#5203e4,#5203e4
172,181,83,#acb553,#acb553
178,175,43,#b2af2b,#b2af2b
12,38,136,#0c2688,#0c2688
231,114,55,#e77237,#e77237
166,203,131,#a6cb83,#a6cb83
81,164,133,#51a485,#51a485
22,200,122,#16c87a,#16c87a
50,21,25,#321519,#321519
123,195,113,#7bc371,#7bc371
188,174,4,#bcae04,#bcae04
94,236,84,#5eec54,#5eec54
164,218,116,#a4da74,#a4da74
24,218,10,#18da0a,#18da0a
244,229,138,#f4e58a,#f4e58a
170,112,67,#aa7043,#aa7043
3,8,137,#030889,#030889
67,201,91,#43c95b,#43c95b
17,28,164,#111ca4,#111ca4
80,187,90,#50bb5a,#50bb5a
27,72,176,#1b48b0,#1b48b0
146,188,219,#92bcdb,#92bcdb
191,56,99,#bf3863,#bf3863
117,234,145,#75ea91,#75ea91
228,114,60,#e4723c,#e4723c
198,74,109,#c64a6d,#c64a6d
227,233,87,#e3e957,#e3e957
133,200,43,#85c82b,#85c82b
192,230,29,#c0e61d,#c0e61d
7,47,51,#072f33,#072f33
96,124,42,#607c2a,#607c2a
90,251,24,#5afb18,#5afb18
150,52,229,#9634e5,#9634e5
150,124,55,#967c37,#967c37
140,180,44,#8cb42c,#8cb42c
73,95,60,#495f3c,#495f3c
149,81,191,#9551bf,#9551bf
255,234,206,#ffeace,#ffeace
185,119,120,#b97778,#b97778
76,35,191,#4c23bf,#4c23bf
58,100,135,#3a6487,#3a6487
15,137,41,#0f8929,#0f8929
146,65,37,#924125,#924125
168,116,134,#a87486,#a87486
247,149,28,#f7951c,#f7951c
218,215,102,#dad766,#dad766
87,55,94,#57375e,#57375e
152,45,152,#982d98,#982d98
39,245,136,#27f588,#27f588
199,14,146,#c70e92,#c70e92
46,240,145,#2ef091,#2ef091
209,91,212,#d15bd4,#d15bd4
195,110,8,#c36e08,#c36e08
219,124,155,#db7c9b,#db7c9b
112,241,226,#70f1e2,#70f1e2
72,168,112,#48a870,#48a870
70,193,208,#46c1d0,#46c1d0
197,4,5,#c50405,#c50405
191,112,215,#bf70d7,#bf70d7
135,92,254,#875cfe,#875cfe
207,38,69,#cf2645,#cf2645
172,110,120,#ac6e78,#ac6e78
186,30,225,#ba1ee1,#ba1ee1
127,199,223,#7fc7df,#7fc7df
92,105,44,#5c692c,#5c692c
249,93,58,#f95d3a,#f95d3a
247,99,67,#f76343,#f76343
210,169,24,#d2a918,#d2a918
245,95,251,#f55ffb,#f55ffb
236,11,62,#ec0b3e,#ec0b3e
211,98,63,#d3623f,#d3623f
135,173,93,#87ad5d,#87ad5d
95,200,181,#5fc8b5,#5fc8b5
105,73,166,#6949a6,#6949a6
11,176,79,#0bb04f,#0bb04f
34,244,89,#22f459,#22f459
139,191,207,#8bbfcf,#8bbfcf
181,210,10,#b5d20a,#b5d20a
26,82,118,#1a5276,#1a5276
245,6,210,#f506d2,#f506d2
98,250,118,#62fa76,#62fa76
184,222,4,#b8de04,#b8de04
146,236,72,#92ec48,#92ec48
101,23,170,#6517aa,#6517aa
37,93,61,#255d3d,#255d3d
249,230,207,#f9e6cf,#f9e6cf
116,28,55,#741c37,#741c37
104,228,81,#68e451,#68e451
101,71,239,#6547ef,#6547ef
243,195,122,#f3c37a,#f3c37a
41,151,28,#29971c,#29971c
173,246,162,#adf6a2,#adf6a2
98,212,83,#62d453,#62d453
223,218,243,#dfdaf3,#dfdaf3
168,189,28,#a8bd1c,#a8bd1c
145,85,68,#915544,#915544
104,183,228,#68b7e4,#68b7e4
96,98,255,#6062ff,#6062ff
104,239,10,#68ef0a,#68ef0a
24,135,188,#1887bc,#1887bc
218,245,201,#daf5c9,#daf5c9
70,84,162,#4654a2,#4654a2
128,103,208,#8067d0,#8067d0
133,115,210,#8573d2,#8573d2
40,9,156,#28099c,#28099c
70,254,143,#46fe8f,#46fe8f
22,220,228,#16dce4,#16dce4
213,50,158,#d5329e,#d5329e
241,181,89,#f1b559,#f1b559
146,125,109,#927d6d,#927d6d
180,62,135,#b43e87,#b43e87
56,148,195,#3894c3,#3894c3
106,157,72,#6a9d48,#6a9d48
159,153,3,#9f9903,#9f9903
217,149,199,#d995c7,#d995c7
19,153,210,#1399d2,#1399d2
41,255,91,#29ff5b,#29ff5b
116,31,214,#741fd6,#741fd6
34,221,244,#22ddf4,#22ddf4
77,63,80,#4d3f50,#4d3f50
180,187,242,#b4bbf2,#b4bbf2
94,12,149,#5e0c95,#5e0c95
23,193,12,#17c10c,#17c10c
89,133,85,#598555,#598555
206,7,238,#ce07ee,#ce07ee
44,72,177,#2c48b1,#2c48b1
215,219,174,#d7dbae,#d7dbae
20,237,112,#14ed70,#14ed70
99,100,76,#63644c,#63644c
15,71,99,#0f4763,#0f4763
6,137,167,#0689a7,#0689a7
37,164,121,#25a479,#25a479
128,22,124,#80167c,#80167c
15,62,169,#0f3ea9,#0f3ea9
249,21,215,#f915d7,#f915d7
175,124,154,#af7c9a,#af7c9a
92,188,76,#5cbc4c,#5cbc4c
115,134,147,#738693,#738693
137,115,137,#897389,#897389
125,24,146,#7d1892,#7d1892
123,24,241,#7b18f1,#7b18f1
139,86,36,#8b5624,#8b5624
120,168,48,#78a830,#78a830
225,48,205,#e130cd,#e130cd
186,10,60,#ba0a3c,#ba0a3c
158,6,8,#9e0608,#9e0608
132,239,212,#84efd4,#84efd4
114,90,33,#725a21,#725a21
243,4,174,#f304ae,#f304ae
162,251,51,#a2fb33,#a2fb33
160,174,65,#a0ae41,#a0ae41
209,155,79,#d19b4f,#d19b4f
193,139,190,#c18bbe,#c18bbe
167,131,235,#a783eb,#a783eb
149,153,131,#959983,#959983
209,120,176,#d178b0,#d178b0
186,197,62,#bac53e,#bac53e
91,140,251,#5b8cfb,#5b8cfb
57,241,90,#39f15a,#39f15a
249,152,16,#f99810,#f99810
205,8,66,#cd0842,#cd0842
71,70,234,#4746ea,#4746ea
252,213,118,#fcd576,#fcd576
212,173,219,#d4addb,#d4addb
63,49,165,#3f31a5,#3f31a5
78,159,142,#4e9f8e,#4e9f8e
98,130,55,#628237,#628237
222,133,66,#de8542,#de8542
0,70,154,#00469a,#00469a
65,132,174,#4184ae,#4184ae
158,26,117,#9e1a75,#9e1a75
166,197,65,#a6c541,#a6c541
217,20,18,#d91412,#d91412
55,66,119,#374277,#374277
177,93,210,#b15dd2,#b15dd2
24,30,89,#181e59,#181e59
29,199,94,#1dc75e,#1dc75e
59,145,166,#3b91a6,#3b91a6
31,105,50,#1f6932,#1f6932
219,18,175,#db12af,#db12af
24,137,44,#18892c,#18892c
128,203,18,#80cb12,#80cb12
128,241,113,#80f171,#80f171
104,108,230,#686ce6,#686ce6
31,203,2,#1fcb02,#1fcb02
181,134,195,#b586c3,#b586c3
77,35,77,#4d234d,#4d234d
36,32,163,#2420a3,#2420a3
240,237,211,#f0edd3,#f0edd3
84,228,202,#54e4ca,#54e4ca
234,55,60,#ea373c,#ea373c
151,253,215,#97fdd7,#97fdd7
5,9,123,#05097b,#05097b
189,21,192,#bd15c0,#bd15c0
79,7,179,#4f07b3,#4f07b3
237,175,242,#edaff2,#edaff2
51,254,178,#33feb2,#33feb2
197,162,90,#c5a25a,#c5a25a
132,41,132,#842984,#842984
70,124,240,#467cf0,#467cf0
160,246,51,#a0f633,#a0f633
25,46,146,#192e92,#192e92
243,209,191,#f3d1bf,#f3d1bf
244,243,219,#f4f3db,#f4f3db
106,164,191,#6aa4bf,#6aa4bf
227,43,196,#e32bc4,#e32bc4
219,125,36,#db7d24,#db7d24
142,48,208,#8e30d0,#8e30d0
161,30,246,#a11ef6,#a11ef6
235,130,143,#eb828f,#eb828f
35,140,116,#238c74,#238c74
115,236,140,#73ec8c,#73ec8c
106,22,34,#6a1622,#6a1622
142,109,97,#8e6d61,#8e6d61
95,133,143,#5f858f,#5f858f
73,192,193,#49c0c1,#49c0c1
199,78,60,#c74e3c,#c74e3c
121,213,154,#79d59a,#79d59a
87,78,224,#574ee0,#574ee0
250,9,248,#fa09f8,#fa09f8
110,237,22,#6eed16,#6eed16
65,135,177,#4187b1,#4187b1
245,96,243,#f560f3,#f560f3
54,33,106,#36216a,#36216a
32,117,93,#20755d,#20755d
170,174,157,#aaae9d,#aaae9d
109,131,236,#6d83ec,#6d83ec
54,96,218,#3660da,#3660da
39,248,193,#27f8c1,#27f8c1
174,190,28,#aebe1c,#aebe1c
163,254,38,#a3fe26,#a3fe26
199,73,195,#c749c3,#c749c3
224,245,86,#e0f556,#e0f556
231,161,197,#e7a1c5,#e7a1c5
135,64,190,#8740be,#8740be
206,8,62,#ce083e,#ce083e
23,54,143,#17368f,#17368f
60,203,107,#3ccb6b,#3ccb6b
138,41,165,#8a29a5,#8a29a5
62,67,119,#3e4377,#3e4377
123,198,154,#7bc69a,#7bc69a
121,217,121,#79d979,#79d979
158,6,67,#9e0643,#9e0643
201,145,87,#c99157,#c99157
227,136,83,#e38853,#e38853
72,185,34,#48b922,#48b922
26,80,24,#1a5018,#1a5018
128,254,68,#80fe44,#80fe44
110,172,153,#6eac99,#6eac99
78,215,204,#4ed7cc,#4ed7cc
104,28,216,#681cd8,#681cd8
18,174,209,#12aed1,#12aed1
213,119,180,#d577b4,#d577b4
153,25,38,#991926,#991926
49,78,171,#314eab,#314eab
202,101,207,#ca65cf,#ca65cf
74,101,8,#4a6508,#4a6508
17,121,130,#117982,#117982
3,77,122,#034d7a,#034d7a
244,59,157,#f43b9d,#f43b9d
26,159,2,#1a9f02,#1a9f02
149,77,0,#954d00,#954d00
192,252,49,#c0fc31,#c0fc31
110,74,71,#6e4a47,#6e4a47
130,112,68,#827044,#827044
239,107,22,#ef6b16,#ef6b16
9,130,173,#0982ad,#0982ad
236,237,118,#eced76,#eced76
109,107,100,#6d6b64,#6d6b64
254,65,139,#fe418b,#fe418b
153,154,222,#999ade,#999ade
120,220,192,#78dcc0,#78dcc0
109,15,128,#6d0f80,#6d0f80
220,88,165,#dc58a5,#dc58a5
135,50,62,#87323e,#87323e
126,135,146,#7e8792,#7e8792
77,46,3,#4d2e03,#4d2e03
65,215,110,#41d76e,#41d76e
31,75,59,#1f4b3b,#1f4b3b
0,114,208,#0072d0,#0072d0
112,92,103,#705c67,#705c67
94,109,29,#5e6d1d,#5e6d1d
78,232,145,#4ee891,#4ee891
136,87,19,#885713,#885713
84,30,95,#541e5f,#541e5f
39,186,178,#27bab2,#27bab2
5,201,241,#05c9f1,#05c9f1
134,121,94,#86795e,#86795e
161,197,10,#a1c50a,#a1c50a
48,117,88,#307558,#307558
139,21,75,#8b154b,#8b154b
244,23,117,#f41775,#f41775
136,114,197,#8872c5,#8872c5
67,227,86,#43e356,#43e356
133,157,198,#859dc6,#859dc6
76,82,236,#4c52ec,#4c52ec
16,71,248,#1047f8,#1047f8
37,86,41,#255629,#255629
74,181,250,#4ab5fa,#4ab5fa
42,80,230,#2a50e6,#2a50e6
51,211,235,#33d3eb,#33d3eb
8,168,200,#08a8c8,#08a8c8
147,23,42,#93172a,#93172a
11,136,136,#0b8888,#0b8888
144,48,32,#903020,#903020
117,214,38,#75d626,#75d626
234,220,72,#eadc48,#eadc48
61,119,243,#3d77f3,#3d77f3
111,141,164,#6f8da4,#6f8da4
26,100,216,#1a64d8,#1a64d8
85,44,160,#552ca0,#552ca0
77,75,177,#4d4bb1,#4d4bb1
5,49,79,#05314f,#05314f
221,252,198,#ddfcc6,#ddfcc6
235,8,7,#eb0807,#eb0807
155,210,53,#9bd235,#9bd235
243,222,24,#f3de18,#f3de18
13,227,16,#0de310,#0de310
189,184,37,#bdb825,#bdb825
116,48,10,#74300a,#74300a
168,179,105,#a8b369,#a8b369
27,106,42,#1b6a2a,#1b6a2a
216,133,243,#d885f3,#d885f3
145,187,99,#91bb63,#91bb63
255,148,146,#ff9492,#ff9492
205,215,38,#cdd726,#cdd726
253,8,135,#fd0887,#fd0887
247,39,64,#f72740,#f72740
190,204,144,#becc90,#becc90
66,238,93,#42ee5d,#42ee5d
51,58,82,#333a52,#333a52
185,210,16,#b9d210,#b9d210
102,156,205,#669ccd,#669ccd
157,231,111,#9de76f,#9de76f
222,118,240,#de76f0,#de76f0
25,27,248,#191bf8,#191bf8
18,251,54,#12fb36,#12fb36
221,170,148,#ddaa94,#ddaa94
139,228,80,#8be450,#8be450
29,120,110,#1d786e,#1d786e
181,1,65,#b50141,#b50141
80,211,217,#50d3d9,#50d3d9
136,237,26,#88ed1a,#88ed1a
15,215,165,#0fd7a5,#0fd7a5
82,26,37,#521a25,#521a25
72,120,49,#487831,#487831
16,113,161,#1071a1,#1071a1
3,26,65,#031a41,#031a41
89,179,129,#59b381,#59b381
20,29,3,#141d03,#141d03
150,32,225,#9620e1,#9620e1
112,122,65,#707a41,#707a41
54,243,38,#36f326,#36f326
223,44,151,#df2c97,#df2c97
111,106,214,#6f6ad6,#6f6ad6
18,253,48,#12fd30,#12fd30
235,148,177,#eb94b1,#eb94b1
19,59,81,#133b51,#133b51
19,234,84,#13ea54,#13ea54
128,20,143,#80148f,#80148f
223,97,209,#df61d1,#df61d1
58,116,187,#3a74bb,#3a74bb
202,135,68,#ca8744,#ca8744
81,81,151,#515197,#515197
233,109,133,#e96d85,#e96d85
20,210,5,#14d205,#14d205
35,21,157,#23159d,#23159d
10,229,200,#0ae5c8,#0ae5c8
165,42,213,#a52ad5,#a52ad5
126,213,225,#7ed5e1,#7ed5e1
190,60,46,#be3c2e,#be3c2e
88,152,18,#589812,#589812
221,42,148,#dd2a94,#dd2a94
131,100,247,#8364f7,#8364f7
96,193,219,#60c1db,#60c1db
103,69,191,#6745bf,#6745bf
6,248,7,#06f807,#06f807
165,218,195,#a5dac3,#a5dac3
145,34,47,#91222f,#91222f
124,238,246,#7ceef6,#7ceef6
167,184,64,#a7b840,#a7b840
105,162,128,#69a280,#69a280
171,198,190,#abc6be,#abc6be
165,35,3,#a52303,#a52303
142,201,5,#8ec905,#8ec905
34,208,56,#22d038,#22d038
76,247,46,#4cf72e,#4cf72e
23,248,36,#17f824,#17f824
212,104,229,#d468e5,#d468e5
57,50,193,#3932c1,#3932c1
156,58,123,#9c3a7b,#9c3a7b
42,45,196,#2a2dc4,#2a2dc4
92,219,183,#5cdbb7,#5cdbb7
45,219,49,#2ddb31,#2ddb31
100,242,100,#64f264,#64f264
103,60,47,#673c2f,#673c2f
241,166,254,#f1a6fe,#f1a6fe
51,231,50,#33e732,#33e732
145,94,9,#915e09,#915e09
229,80,30,#e5501e,#e5501e
113,63,89,#713f59,#713f59
56,57,174,#3839ae,#3839ae
135,14,249,#870ef9,#870ef9
54,165,9,#36a509,#36a509
190,28,253,#be1cfd,#be1cfd
171,80,160,#ab50a0,#ab50a0
15,209,17,#0fd111,#0fd111
233,57,20,#e93914,#e93914
185,64,108,#b9406c,#b9406c
96,253,48,#60fd30,#60fd30
27,49,78,#1b314e,#1b314e
51,36,239,#3324ef,#3324ef
46,215,92,#2ed75c,#2ed75c
50,231,152,#32e798,#32e798
108,111,90,#6c6f5a,#6c6f5a
54,176,64,#36b040,#36b040
47,83,70,#2f5346,#2f5346
161,245,169,#a1f5a9,#a1f5a9
73,232,181,#49e8b5,#49e8b5
195,199,73,#c3c749,#c3c749
134,23,46,#86172e,#86172e
219,15,21,#db0f15,#db0f15
145,101,120,#916578,#916578
0,50,130,#003282,#003282
172,248,147,#acf893,#acf893
170,130,222,#aa82de,#aa82de
33,125,250,#217dfa,#217dfa
75,167,82,#4ba752,#4ba752
86,151,106,#56976a,#56976a
167,66,44,#a7422c,#a7422c
35,134,129,#238681,#238681
122,43,255,#7a2bff,#7a2bff
94,169,169,#5ea9a9,#5ea9a9
170,77,234,#aa4dea,#aa4dea
213,158,71,#d59e47,#d59e47
153,122,199,#997ac7,#997ac7
217,63,116,#d93f74,#d93f74
88,107,26,#586b1a,#586b1a
24,81,8,#185108,#185108
251,90,65,#fb5a41,#fb5a41
117,142,229,#758ee5,#758ee5
15,6,204,#0f06cc,#0f06cc
212,194,113,#d4c271,#d4c271
96,108,138,#606c8a,#606c8a
194,233,68,#c2e944,#c2e944
172,194,152,#acc298,#acc298
7,145,85,#079155,#079155
58,34,97,#3a2261,#3a2261
254,75,231,#fe4be7,#fe4be7
131,57,72,#833948,#833948
229,114,56,#e57238,#e57238
66,53,45,#42352d,#42352d
8,15,142,#080f8e,#080f8e
160,202,55,#a0ca37,#a0ca37
135,20,6,#871406,#871406
139,245,9,#8bf509,#8bf509
91,207,149,#5bcf95,#5bcf95
134,55,10,#86370a,#86370a
250,128,131,#fa8083,#fa8083
67,87,250,#4357fa,#4357fa
46,6,62,#2e063e,#2e063e
236,95,240,#ec5ff0,#ec5ff0
124,99,91,#7c635b,#7c635b
147,178,240,#93b2f0,#93b2f0
77,170,164,#4daaa4,#4daaa4
170,178,158,#aab29e,#aab29e
131,50,216,#8332d8,#8332d8
67,93,145,#435d91,#435d91
35,98,94,#23625e,#23625e
204,12,204,#cc0ccc,#cc0ccc
70,55,192,#4637c0,#4637c0
6,225,2,#06e102,#06e102
230,105,119,#e66977,#e66977
14,58,130,#0e3a82,#0e3a82
251,212,216,#fbd4d8,#fbd4d8
208,230,73,#d0e649,#d0e649
94,7,62,#5e073e,#5e073e
213,181,253,#d5b5fd,#d5b5fd
210,89,2,#d25902,#d25902
182,29,37,#b61d25,#b61d25
194,100,137,#c26489,#c26489
201,117,241,#c975f1,#c975f1
82,174,63,#52ae3f,#52ae3f
50,91,100,#325b64,#325b64
56,234,18,#38ea12,#38ea12
128,32,176,#8020b0,#8020b0
84,217,204,#54d9cc,#54d9cc
81,183,75,#51b74b,#51b74b
175,32,177,#af20b1,#af20b1
200,76,205,#c84ccd,#c84ccd
114,100,29,#72641d,#72641d
168,194,200,#a8c2c8,#a8c2c8
226,223,135,#e2df87,#e2df87
28,230,39,#1ce627,#1ce627
187,52,128,#bb3480,#bb3480
130,68,34,#824422,#824422
98,121,212,#6279d4,#6279d4
253,171,105,#fdab69,#fdab69
25,159,10,#199f0a,#199f0a
184,94,138,#b85e8a,#b85e8a
128,177,64,#80b140,#80b140
136,166,89,#88a659,#88a659
150,118,77,#96764d,#96764d
105,27,90,#691b5a,#691b5a
161,42,182,#a12ab6,#a12ab6
165,241,172,#a5f1ac,#a5f1ac
45,60,243,#2d3cf3,#2d3cf3
143,158,150,#8f9e96,#8f9e96
213,208,132,#d5d084,#d5d084
165,211,64,#a5d340,#a5d340
1,162,53,#01a235,#01a235
233,201,192,#e9c9c0,#e9c9c0
144,16,14,#90100e,#90100e
163,239,106,#a3ef6a,#a3ef6a
144,215,188,#90d7bc,#90d7bc
120,91,50,#785b32,#785b32
81,80,231,#5150e7,#5150e7
57,199,54,#39c736,#39c736
69,16,0,#451000,#451000
220,134,48,#dc8630,#dc8630
190,194,240,#bec2f0,#bec2f0
204,141,50,#cc8d32,#cc8d32
105,9,209,#6909d1,#6909d1
17,226,20,#11e214,#11e214
75,38,253,#4b26fd,#4b26fd
39,198,26,#27c61a,#27c61a
208,106,240,#d06af0,#d06af0
80,192,220,#50c0dc,#50c0dc
86,37,24,#562518,#562518
84,176,61,#54b03d,#54b03d
79,229,157,#4fe59d,#4fe59d
230,105,209,#e669d1,#e669d1
10,37,97,#0a2561,#0a2561
220,7,18,#dc0712,#dc0712
85,215,192,#55d7c0,#55d7c0
146,198,86,#92c656,#92c656
255,12,188,#ff0cbc,#ff0cbc
21,245,13,#15f50d,#15f50d
166,25,219,#a619db,#a619db
94,101,90,#5e655a,#5e655a
99,65,192,#6341c0,#6341c0
125,78,56,#7d4e38,#7d4e38
246,140,87,#f68c57,#f68c57
62,84,162,#3e54a2,#3e54a2
143,37,124,#8f257c,#8f257c
22,252,111,#16fc6f,#16fc6f
64,108,78,#406c4e,#406c4e
42,40,58,#2a283a,#2a283a
96,205,199,#60cdc7,#60cdc7
151,245,128,#97f580,#97f580
196,124,225,#c47ce1,#c47ce1
111,198,211,#6fc6d3,#6fc6d3
250,207,95,#facf5f,#facf5f
11,80,44,#0b502c,#0b502c
1,84,108,#01546c,#01546c
165,128,244,#a580f4,#a580f4
129,176,214,#81b0d6,#81b0d6
183,44,180,#b72cb4,#b72cb4
26,189,146,#1abd92,#1abd92
12,104,9,#0c6809,#0c6809
7,165,80,#07a550,#07a550
29,31,147,#1d1f93,#1d1f93
91,78,10,#5b4e0a,#5b4e0a
184,222,4,#b8de04,#b8de04
203,125,114,#cb7d72,#cb7d72
87,155,164,#579ba4,#579ba4
105,12,117,#690c75,#690c75
198,108,32,#c66c20,#c66c20
85,150,142,#55968e,#55968e
33,234,0,#21ea00,#21ea00
198,37,176,#c625b0,#c625b0
118,118,171,#7676ab,#7676ab
133,186,28,#85ba1c,#85ba1c
38,190,236,#26beec,#26beec
103,98,214,#6762d6,#6762d6
190,75,234,#be4bea,#be4bea
161,45,191,#a12dbf,#a12dbf
225,176,221,#e1b0dd,#e1b0dd
35,231,193,#23e7c1,#23e7c1
109,245,224,#6df5e0,#6df5e0
67,177,207,#43b1cf,#43b1cf
81,74,234,#514aea,#514aea
209,138,218,#d18ada,#d18ada
225,91,70,#e15b46,#e15b46
158,76,207,#9e4ccf,#9e4ccf
130,172,132,#82ac84,#82ac84
59,105,126,#3b697e,#3b697e
35,219,179,#23dbb3,#23dbb3
77,21,11,#4d150b,#4d150b
28,142,43,#1c8e2b,#1c8e2b
42,81,119,#2a5177,#2a5177
97,99,213,#6163d5,#6163d5
74,9,126,#4a097e,#4a097e
53,44,70,#352c46,#352c46
116,72,139,#74488b,#74488b
106,100,154,#6a649a,#6a649a
201,59,159,#c93b9f,#c93b9f
48,164,177,#30a4b1,#30a4b1
88,166,162,#58a6a2,#58a6a2
224,184,57,#e0b839,#e0b839
55,170,26,#37aa1a,#37aa1a
222,62,237,#de3eed,#de3eed
33,120,31,#21781f,#21781f
79,89,149,#4f5995,#4f5995
173,194,214,#adc2d6,#adc2d6
159,230,7,#9fe607,#9fe607
208,27,161,#d01ba1,#d01ba1
216,240,234,#d8f0ea,#d8f0ea
212,94,96,#d45e60,#d45e60
165,97,77,#a5614d,#a5614d
56,216,51,#38d833,#38d833
230,5,250,#e605fa,#e605fa
147,240,72,#93f048,#93f048
76,51,73,#4c3349,#4c3349
75,65,117,#4b4175,#4b4175
169,24,51,#a91833,#a91833
227,214,141,#e3d68d,#e3d68d
104,150,64,#689640,#689640
38,60,88,#263c58,#263c58
48,159,97,#309f61,#309f61
106,172,240,#6aacf0,#6aacf0
125,111,118,#7d6f76,#7d6f76
64,13,86,#400d56,#400d56
69,120,14,#45780e,#45780e
41,97,5,#296105,#296105
248,237,0,#f8ed00,#f8ed00
0,144,123,#00907b,#00907b
234,74,222,#ea4ade,#ea4ade
186,180,125,#bab47d,#bab47d
254,184,188,#feb8bc,#feb8bc
231,169,221,#e7a9dd,#e7a9dd
225,125,255,#e17dff,#e17dff
73,129,96,#498160,#498160
165,210,141,#a5d28d,#a5d28d
96,206,52,#60ce34,#60ce34
43,99,97,#2b6361,#2b6361
230,201,117,#e6c975,#e6c975
193,101,109,#c1656d,#c1656d
191,195,58,#bfc33a,#bfc33a
164,129,124,#a4817c,#a4817c
216,176,103,#d8b067,#d8b067
200,120,41,#c87829,#c87829
44,75,247,#2c4bf7,#2c4bf7
28,146,38,#1c9226,#1c9226
166,147,145,#a69391,#a69391
66,122,117,#427a75,#427a75
88,194,124,#58c27c,#58c27c
78,70,243,#4e46f3,#4e46f3
69,3,210,#4503d2,#4503d2
224,20,202,#e014ca,#e014ca
231,89,235,#e759eb,#e759eb
108,183,143,#6cb78f,#6cb78f
241,83,131,#f15383,#f15383
161,177,36,#a1b124,#a1b124
127,196,122,#7fc47a,#7fc47a
203,116,100,#cb7464,#cb7464
11,25,65,#0b1941,#0b1941
4,164,159,#04a49f,#04a49f
96,24,164,#6018a4,#6018a4
250,115,202,#fa73ca,#fa73ca
234,182,125,#eab67d,#eab67d
248,173,83,#f8ad53,#f8ad53
239,120,217,#ef78d9,#ef78d9
202,239,13,#caef0d,#caef0d
95,219,230,#5fdbe6,#5fdbe6
42,229,132,#2ae584,#2ae584
190,253,46,#befd2e,#befd2e
230,8,92,#e6085c,#e6085c
206,138,32,#ce8a20,#ce8a20
193,42,190,#c12abe,#c12abe
88,146,55,#589237,#589237
60,139,230,#3c8be6,#3c8be6
49,140,227,#318ce3,#318ce3
114,63,219,#723fdb,#723fdb
102,48,150,#663096,#663096
101,84,204,#6554cc,#6554cc
174,150,128,#ae9680,#ae9680
98,89,251,#6259fb,#6259fb
203,63,189,#cb3fbd,#cb3fbd
11,68,194,#0b44c2,#0b44c2
235,166,229,#eba6e5,#eba6e5
116,9,185,#7409b9,#7409b9
89,32,168,#5920a8,#5920a8
119,20,143,#77148f,#77148f
204,100,106,#cc646a,#cc646a
194,214,183,#c2d6b7,#c2d6b7
60,132,172,#3c84ac,#3c84ac
134,179,34,#86b322,#86b322
246,237,8,#f6ed08,#f6ed08
54,46,83,#362e53,#362e53
120,238,160,#78eea0,#78eea0
146,216,223,#92d8df,#92d8df
238,63,132,#ee3f84,#ee3f84
128,208,141,#80d08d,#80d08d
250,128,220,#fa80dc,#fa80dc
100,229,30,#64e51e,#64e51e
246,7,130,#f60782,#f60782
91,81,211,#5b51d3,#5b51d3
4,91,2,#045b02,#045b02
234,127,54,#ea7f36,#ea7f36
129,136,44,#81882c,#81882c
153,5,108,#99056c,#99056c
211,137,17,#d38911,#d38911
203,146,143,#cb928f,#cb928f
233,218,58,#e9da3a,#e9da3a
59,245,142,#3bf58e,#3bf58e
189,66,11,#bd420b,#bd420b
125,14,214,#7d0ed6,#7d0ed6
24,3,30,#18031e,#18031e
103,29,86,#671d56,#671d56
122,243,227,#7af3e3,#7af3e3
102,119,167,#6677a7,#6677a7
144,165,18,#90a512,#90a512
179,137,140,#b3898c,#b3898c
79,172,5,#4fac05,#4fac05
156,251,231,#9cfbe7,#9cfbe7
109,80,193,#6d50c1,#6d50c1
220,32,38,#dc2026,#dc2026
153,193,246,#99c1f6,#99c1f6
222,58,83,#de3a53,#de3a53
91,66,174,#5b42ae,#5b42ae
240,178,129,#f0b281,#f0b281
13,3,207,#0d03cf,#0d03cf
87,52,120,#573478,#573478
16,217,200,#10d9c8,#10d9c8
189,115,232,#bd73e8,#bd73e8
143,240,206,#8ff0ce,#8ff0ce
41,93,147,#295d93,#295d93
168,203,63,#a8cb3f,#a8cb3f
127,250,103,#7ffa67,#7ffa67
148,183,9,#94b709,#94b709
58,176,126,#3ab07e,#3ab07e
117,103,220,#7567dc,#7567dc
114,169,184,#72a9b8,#72a9b8
193,12,215,#c10cd7,#c10cd7
237,255,236,#edffec,#edffec
186,111,153,#ba6f99,#ba6f99
232,213,247,#e8d5f7,#e8d5f7
66,252,143,#42fc8f,#42fc8f
41,151,74,#29974a,#29974a
72,108,140,#486c8c,#486c8c
230,95,217,#e65fd9,#e65fd9
133,170,0,#85aa00,#85aa00
78,196,82,#4ec452,#4ec452
162,133,44,#a2852c,#a2852c
187,42,248,#bb2af8,#bb2af8
29,230,6,#1de606,#1de606
133,106,159,#856a9f,#856a9f
178,144,177,#b290b1,#b290b1
103,228,25,#67e419,#67e419
181,246,207,#b5f6cf,#b5f6cf
242,132,245,#f284f5,#f284f5
197,30,205,#c51ecd,#c51ecd
207,29,238,#cf1dee,#cf1dee
181,65,140,#b5418c,#b5418c
185,131,187,#b983bb,#b983bb
214,47,60,#d62f3c,#d62f3c
233,198,22,#e9c616,#e9c616
59,71,85,#3b4755,#3b4755
83,139,219,#538bdb,#538bdb
201,94,3,#c95e03,#c95e03
33,104,223,#2168df,#2168df
35,216,247,#23d8f7,#23d8f7
102,39,185,#6627b9,#6627b9
237,16,79,#ed104f,#ed104f
248,181,109,#f8b56d,#f8b56d
86,189,196,#56bdc4,#56bdc4
31,248,253,#1ff8fd,#1ff8fd
125,61,225,#7d3de1,#7d3de1
186,51,34,#ba3322,#ba3322
253,130,83,#fd8253,#fd8253
123,165,145,#7ba591,#7ba591
173,237,32,#aded20,#aded20
39,104,224,#2768e0,#2768e0
55,91,163,#375ba3,#375ba3
106,13,172,#6a0dac,#6a0dac
235,190,124,#ebbe7c,#ebbe7c
105,166,72,#69a648,#69a648
181,248,86,#b5f856,#b5f856
88,205,66,#58cd42,#58cd42
73,56,58,#49383a,#49383a
186,72,36,#ba4824,#ba4824
160,97,154,#a0619a,#a0619a
199,14,105,#c70e69,#c70e69
142,233,4,#8ee904,#8ee904
216,67,189,#d843bd,#d843bd
114,126,147,#727e93,#727e93
164,193,153,#a4c199,#a4c199
2,106,172,#026aac,#026aac
15,75,92,#0f4b5c,#0f4b5c
137,43,220,#892bdc,#892bdc
11,53,43,#0b352b,#0b352b
111,132,230,#6f84e6,#6f84e6
63,79,165,#3f4fa5,#3f4fa5
236,104,4,#ec6804,#ec6804
170,86,154,#aa569a,#aa569a
15,178,179,#0fb2b3,#0fb2b3
229,182,35,#e5b623,#e5b623
217,133,173,#d985ad,#d985ad
224,26,164,#e01aa4,#e01aa4
107,64,3,#6b4003,#6b4003
63,40,210,#3f28d2,#3f28d2
56,234,228,#38eae4,#38eae4
201,86,115,#c95673,#c95673
38,38,174,#2626ae,#2626ae
215,159,183,#d79fb7,#d79fb7
210,246,83,#d2f653,#d2f653
5,253,44,#05fd2c,#05fd2c
231,4,105,#e70469,#e70469
38,26,218,#261ada,#261ada
234,225,101,#eae165,#eae165
13,176,192,#0db0c0,#0db0c0
147,40,126,#93287e,#93287e
227,202,241,#e3caf1,#e3caf1
208,231,7,#d0e707,#d0e707
197,125,240,#c57df0,#c57df0
102,8,23,#660817,#660817
237,221,62,#eddd3e,#eddd3e
21,150,25,#159619,#159619
57,124,85,#397c55,#397c55
36,131,164,#2483a4,#2483a4
187,67,14,#bb430e,#bb430e
159,80,50,#9f5032,#9f5032
168,39,77,#a8274d,#a8274d
232,131,246,#e883f6,#e883f6
82,215,26,#52d71a,#52d71a
79,163,102,#4fa366,#4fa366
130,208,3,#82d003,#82d003
237,56,48,#ed3830,#ed3830
15,5,13,#0f050d,#0f050d
139,220,159,#8bdc9f,#8bdc9f
27,68,145,#1b4491,#1b4491
88,1,121,#580179,#580179
254,223,152,#fedf98,#fedf98
191,246,108,#bff66c,#bff66c
254,201,127,#fec97f,#fec97f
213,101,36,#d56524,#d56524
114,78,100,#724e64,#724e64
6,172,238,#06acee,#06acee
59,142,39,#3b8e27,#3b8e27
241,56,114,#f13872,#f13872
146,237,94,#92ed5e,#92ed5e
52,240,130,#34f082,#34f082
200,47,185,#c82fb9,#c82fb9
225,206,247,#e1cef7,#e1cef7
86,45,151,#562d97,#562d97
27,40,223,#1b28df,#1b28df
102,212,185,#66d4b9,#66d4b9
114,194,102,#72c266,#72c266
127,2,177,#7f02b1,#7f02b1
124,231,168,#7ce7a8,#7ce7a8
28,246,117,#1cf675,#1cf675
183,48,97,#b73061,#b73061
44,83,141,#2c538d,#2c538d
84,214,242,#54d6f2,#54d6f2
146,79,180,#924fb4,#924fb4
233,51,112,#e93370,#e93370
28,69,106,#1c456a,#1c456a
215,53,166,#d735a6,#d735a6
134,253,4,#86fd04,#86fd04
146,229,200,#92e5c8,#92e5c8
64,97,34,#406122,#406122
218,161,169,#daa1a9,#daa1a9
240,241,181,#f0f1b5,#f0f1b5
67,63,92,#433f5c,#433f5c
113,27,120,#711b78,#711b78
172,28,230,#ac1ce6,#ac1ce6
238,225,227,#eee1e3,#eee1e3
55,24,139,#37188b,#37188b
108,10,102,#6c0a66,#6c0a66
176,82,44,#b0522c,#b0522c
182,149,255,#b695ff,#b695ff
206,132,106,#ce846a,#ce846a
21,240,38,#15f026,#15f026
244,31,64,#f41f40,#f41f40
14,75,244,#0e4bf4,#0e4bf4
52,32,102,#342066,#342066
4,25,115,#041973,#041973
249,249,41,#f9f929,#f9f929
96,125,107,#607d6b,#607d6b
163,149,51,#a39533,#a39533
119,82,200,#7752c8,#7752c8
255,244,211,#fff4d3,#fff4d3
3,126,114,#037e72,#037e72
37,208,83,#25d053,#25d053
138,229,202,#8ae5ca,#8ae5ca
123,161,149,#7ba195,#7ba195
192,188,240,#c0bcf0,#c0bcf0
135,192,138,#87c08a,#87c08a
213,102,9,#d56609,#d56609
19,189,170,#13bdaa,#13bdaa
235,141,91,#eb8d5b,#eb8d5b
255,129,31,#ff811f,#ff811f
215,240,141,#d7f08d,#d7f08d
216,232,115,#d8e873,#d8e873
5,155,83,#059b53,#059b53
18,181,222,#12b5de,#12b5de
242,172,98,#f2ac62,#f2ac62
123,178,96,#7bb260,#7bb260
193,218,98,#c1da62,#c1da62
15,16,116,#0f1074,#0f1074
54,202,43,#36ca2b,#36ca2b
210,161,27,#d2a11b,#d2a11b
219,221,214,#dbddd6,#dbddd6
159,119,10,#9f770a,#9f770a
70,106,150,#466a96,#466a96
90,203,24,#5acb18,#5acb18
101,182,70,#65b646,#65b646
49,255,204,#31ffcc,#31ffcc
131,186,173,#83baad,#83baad
121,245,182,#79f5b6,#79f5b6
118,11,225,#760be1,#760be1
108,183,201,#6cb7c9,#6cb7c9
169,96,2,#a96002,#a96002
62,40,132,#3e2884,#3e2884
128,16,73,#801049,#801049
79,125,129,#4f7d81,#4f7d81
190,12,52,#be0c34,#be0c34
15,189,171,#0fbdab,#0fbdab
197,0,243,#c500f3,#c500f3
163,76,69,#a34c45,#a34c45
205,28,45,#cd1c2d,#cd1c2d
46,41,76,#2e294c,#2e294c
208,61,18,#d03d12,#d03d12
252,129,67,#fc8143,#fc8143
24,237,14,#18ed0e,#18ed0e
40,15,186,#280fba,#280fba
176,187,182,#b0bbb6,#b0bbb6
150,122,79,#967a4f,#967a4f
67,99,1,#436301,#436301
110,160,251,#6ea0fb,#6ea0fb
47,139,12,#2f8b0c,#2f8b0c
95,198,228,#5fc6e4,#5fc6e4
52,245,29,#34f51d,#34f51d
29,248,254,#1df8fe,#1df8fe
68,40,32,#442820,#442820
50,74,140,#324a8c,#324a8c
128,113,157,#80719d,#80719d
104,79,167,#684fa7,#684fa7
21,144,100,#159064,#159064
183,15,111,#b70f6f,#b70f6f
28,77,162,#1c4da2,#1c4da2
246,13,121,#f60d79,#f60d79
109,45,208,#6d2dd0,#6d2dd0
225,89,44,#e1592c,#e1592c
186,56,144,#ba3890,#ba3890
200,161,195,#c8a1c3,#c8a1c3
225,203,2,#e1cb02,#e1cb02
130,218,106,#82da6a,#82da6a
187,44,203,#bb2ccb,#bb2ccb
172,186,39,#acba27,#acba27
151,213,181,#97d5b5,#97d5b5
81,72,126,#51487e,#51487e
109,219,166,#6ddba6,#6ddba6
4,189,224,#04bde0,#04bde0
108,189,172,#6cbdac,#6cbdac
220,197,6,#dcc506,#dcc506
101,244,216,#65f4d8,#65f4d8
216,193,139,#d8c18b,#d8c18b
77,197,37,#4dc525,#4dc525
131,160,60,#83a03c,#83a03c
205,232,177,#cde8b1,#cde8b1
239,14,142,#ef0e8e,#ef0e8e
128,11,181,#800bb5,#800bb5
207,247,165,#cff7a5,#cff7a5
250,83,249,#fa53f9,#fa53f9
107,161,140,#6ba18c,#6ba18c
60,104,219,#3c68db,#3c68db
197,222,222,#c5dede,#c5dede
10,71,55,#0a4737,#0a4737
80,131,118,#508376,#508376
250,251,177,#fafbb1,#fafbb1
58,233,156,#3ae99c,#3ae99c
244,78,181,#f44eb5,#f44eb5
10,0,142,#0a008e,#0a008e
243,61,106,#f33d6a,#f33d6a
198,124,115,#c67c73,#c67c73
13,38,118,#0d2676,#0d2676
159,83,145,#9f5391,#9f5391
87,153,217,#5799d9,#5799d9
171,88,249,#ab58f9,#ab58f9
229,255,228,#e5ffe4,#e5ffe4
98,224,139,#62e08b,#62e08b
133,112,249,#8570f9,#8570f9
207,71,223,#cf47df,#cf47df
228,44,135,#e42c87,#e42c87
23,132,168,#1784a8,#1784a8
147,174,159,#93ae9f,#93ae9f
244,60,125,#f43c7d,#f43c7d
172,149,64,#ac9540,#ac9540
137,84,214,#8954d6,#8954d6
90,45,137,#5a2d89,#5a2d89
106,232,164,#6ae8a4,#6ae8a4
172,212,140,#acd48c,#acd48c
87,135,62,#57873e,#57873e
199,23,96,#c71760,#c71760
176,62,80,#b03e50,#b03e50
37,244,78,#25f44e,#25f44e
165,96,158,#a5609e,#a5609e
170,255,107,#aaff6b,#aaff6b
200,237,143,#c8ed8f,#c8ed8f
244,221,216,#f4ddd8,#f4ddd8
54,188,201,#36bcc9,#36bcc9
58,88,65,#3a5841,#3a5841
233,4,227,#e904e3,#e904e3
7,231,135,#07e787,#07e787
106,212,243,#6ad4f3,#6ad4f3
72,201,106,#48c96a,#48c96a
15,67,50,#0f4332,#0f4332
103,111,158,#676f9e,#676f9e
105,195,39,#69c327,#69c327
54,42,178,#362ab2,#362ab2
190,242,125,#bef27d,#bef27d
170,59,157,#aa3b9d,#aa3b9d
78,72,208,#4e48d0,#4e48d0
149,21,86,#951556,#951556
181,109,190,#b56dbe,#b56dbe
158,57,231,#9e39e7,#9e39e7
130,232,83,#82e853,#82e853
44,105,45,#2c692d,#2c692d
196,96,161,#c460a1,#c460a1
117,68,139,#75448b,#75448b
113,111,148,#716f94,#716f94
220,58,94,#dc3a5e,#dc3a5e
214,94,183,#d65eb7,#d65eb7
140,111,200,#8c6fc8,#8c6fc8
178,253,57,#b2fd39,#b2fd39
217,252,182,#d9fcb6,#d9fcb6
129,159,127,#819f7f,#819f7f
50,118,4,#327604,#327604
109,85,28,#6d551c,#6d551c
168,211,8,#a8d308,#a8d308
106,72,63,#6a483f,#6a483f
66,239,93,#42ef5d,#42ef5d
213,186,33,#d5ba21,#d5ba21
44,174,146,#2cae92,#2cae92
62,92,123,#3e5c7b,#3e5c7b
205,71,179,#cd47b3,#cd47b3
239,80,20,#ef5014,#ef5014
100,103,63,#64673f,#64673f
21,233,0,#15e900,#15e900
6,62,210,#063ed2,#063ed2
12,63,181,#0c3fb5,#0c3fb5
129,23,141,#81178d,#81178d
82,67,204,#5243cc,#5243cc
110,54,201,#6e36c9,#6e36c9
145,225,35,#91e123,#91e123
177,254,70,#b1fe46,#b1fe46
215,49,64,#d73140,#d73140
239,36,249,#ef24f9,#ef24f9
196,144,37,#c49025,#c49025
218,249,195,#daf9c3,#daf9c3
159,167,199,#9fa7c7,#9fa7c7
226,222,27,#e2de1b,#e2de1b
123,118,53,#7b7635,#7b7635
238,73,115,#ee4973,#ee4973
136,231,61,#88e73d,#88e73d
13,228,23,#0de417,#0de417
161,232,233,#a1e8e9,#a1e8e9
17,198,25,#11c619,#11c619
187,62,159,#bb3e9f,#bb3e9f
176,159,198,#b09fc6,#b09fc6
3,36,186,#0324ba,#0324ba
22,139,233,#168be9,#168be9
56,58,229,#383ae5,#383ae5
23,71,64,#174740,#174740
22,29,233,#161de9,#161de9
38,99,66,#266342,#266342
93,136,201,#5d88c9,#5d88c9
174,33,44,#ae212c,#ae212c
150,202,47,#96ca2f,#96ca2f
162,41,208,#a229d0,#a229d0
77,227,25,#4de319,#4de319
3,161,8,#03a108,#03a108
204,185,242,#ccb9f2,#ccb9f2
193,78,215,#c14ed7,#c14ed7
236,204,201,#ecccc9,#ecccc9
44,7,59,#2c073b,#2c073b
109,248,255,#6df8ff,#6df8ff
147,40,251,#9328fb,#9328fb
33,24,185,#2118b9,#2118b9
123,76,160,#7b4ca0,#7b4ca0
64,202,65,#40ca41,#40ca41
227,103,139,#e3678b,#e3678b
92,24,234,#5c18ea,#5c18ea
119,60,79,#773c4f,#773c4f
207,12,171,#cf0cab,#cf0cab
132,91,30,#845b1e,#845b1e
170,130,50,#aa8232,#aa8232
89,18,63,#59123f,#59123f
127,122,54,#7f7a36,#7f7a36
206,112,45,#ce702d,#ce702d
77,100,206,#4d64ce,#4d64ce
127,72,31,#7f481f,#7f481f
19,205,98,#13cd62,#13cd62
106,168,54,#6aa836,#6aa836
80,217,2,#50d902,#50d902
212,34,255,#d422ff,#d422ff
163,109,243,#a36df3,#a36df3
170,146,25,#aa9219,#aa9219
140,127,63,#8c7f3f,#8c7f3f
150,188,194,#96bcc2,#96bcc2
62,253,176,#3efdb0,#3efdb0
214,8,231,#d608e7,#d608e7
119,243,30,#77f31e,#77f31e
81,44,200,#512cc8,#512cc8
174,64,253,#ae40fd,#ae40fd
65,129,63,#41813f,#41813f
31,4,91,#1f045b,#1f045b
32,126,203,#207ecb,#207ecb
161,54,201,#a136c9,#a136c9
5,233,72,#05e948,#05e948
46,153,248,#2e99f8,#2e99f8
100,57,91,#64395b,#64395b
208,227,61,#d0e33d,#d0e33d
227,155,218,#e39bda,#e39bda
119,116,125,#77747d,#77747d
169,215,112,#a9d770,#a9d770
65,171,191,#41abbf,#41abbf
82,13,56,#520d38,#520d38
52,40,149,#342895,#342895
209,3,93,#d1035d,#d1035d
23,239,72,#17ef48,#17ef48
101,106,64,#656a40,#656a40
103,60,156,#673c9c,#673c9c
12,236,226,#0cece2,#0cece2
127,15,171,#7f0fab,#7f0fab
77,31,125,#4d1f7d,#4d1f7d
31,70,101,#1f4665,#1f4665
4,249,203,#04f9cb,#04f9cb
221,152,96,#dd9860,#dd9860
198,125,66,#c67d42,#c67d42
238,124,30,#ee7c1e,#ee7c1e
100,1,42,#64012a,#64012a
111,196,2,#6fc402,#6fc402
235,99,103,#eb6367,#eb6367
86,72,114,#564872,#564872
127,215,209,#7fd7d1,#7fd7d1
61,13,112,#3d0d70,#3d0d70
62,207,77,#3ecf4d,#3ecf4d
170,108,72,#aa6c48,#aa6c48
180,30,86,#b41e56,#b41e56
171,224,177,#abe0b1,#abe0b1
45,208,17,#2dd011,#2dd011
53,241,19,#35f113,#35f113
59,29,19,#3b1d13,#3b1d13
154,141,130,#9a8d82,#9a8d82
4,198,63,#04c63f,#04c63f
176,81,231,#b051e7,#b051e7
178,53,211,#b235d3,#b235d3
150,2,134,#960286,#960286
225,32,97,#e12061,#e12061
2,234,60,#02ea3c,#02ea3c
84,254,187,#54febb,#54febb
173,188,237,#adbced,#adbced
3,113,224,#0371e0,#0371e0
242,109,116,#f26d74,#f26d74
165,84,161,#a554a1,#a554a1
13,82,194,#0d52c2,#0d52c2
36,189,185,#24bdb9,#24bdb9
48,195,155,#30c39b,#30c39b
42,14,65,#2a0e41,#2a0e41
201,104,230,#c968e6,#c968e6
249,30,178,#f91eb2,#f91eb2
101,160,204,#65a0cc,#65a0cc
122,115,155,#7a739b,#7a739b
35,205,15,#23cd0f,#23cd0f
9,33,96,#092160,#092160
108,207,131,#6ccf83,#6ccf83
158,105,250,#9e69fa,#9e69fa
195,22,254,#c316fe,#c316fe
83,15,162,#530fa2,#530fa2
250,106,124,#fa6a7c,#fa6a7c
192,147,234,#c093ea,#c093ea
129,122,147,#817a93,#817a93
32,206,41,#20ce29,#20ce29
168,248,84,#a8f854,#a8f854
87,30,3,#571e03,#571e03
110,138,94,#6e8a5e,#6e8a5e
197,94,105,#c55e69,#c55e69
142,48,94,#8e305e,#8e305e
35,228,27,#23e41b,#23e41b
221,96,182,#dd60b6,#dd60b6
114,11,86,#720b56,#720b56
161,87,89,#a15759,#a15759
71,238,69,#47ee45,#47ee45
251,80,186,#fb50ba,#fb50ba
243,160,1,#f3a001,#f3a001
23,11,120,#170b78,#170b78
12,28,251,#0c1cfb,#0c1cfb
23,231,104,#17e768,#17e768
78,166,214,#4ea6d6,#4ea6d6
138,254,95,#8afe5f,#8afe5f
126,64,98,#7e4062,#7e4062
16,73,77,#10494d,#10494d
213,8,225,#d508e1,#d508e1
46,10,122,#2e0a7a,#2e0a7a
4,253,216,#04fdd8,#04fdd8
224,211,107,#e0d36b,#e0d36b
18,149,80,#129550,#129550
100,45,190,#642dbe,#642dbe
37,73,51,#254933,#254933
161,122,233,#a17ae9,#a17ae9
215,235,137,#d7eb89,#d7eb89
119,119,165,#7777a5,#7777a5
132,155,22,#849b16,#849b16
197,250,95,#c5fa5f,#c5fa5f
65,229,159,#41e59f,#41e59f
241,102,195,#f166c3,#f166c3
224,225,106,#e0e16a,#e0e16a
213,4,122,#d5047a,#d5047a
113,221,196,#71ddc4,#71ddc4
36,254,54,#24fe36,#24fe36
251,157,132,#fb9d84,#fb9d84
52,186,249,#34baf9,#34baf9
139,0,161,#8b00a1,#8b00a1
194,242,227,#c2f2e3,#c2f2e3
31,91,140,#1f5b8c,#1f5b8c
82,29,181,#521db5,#521db5
191,176,6,#bfb006,#bfb006
230,217,116,#e6d974,#e6d974
53,162,87,#35a257,#35a257
168,64,47,#a8402f,#a8402f
130,255,113,#82ff71,#82ff71
167,207,69,#a7cf45,#a7cf45
69,139,243,#458bf3,#458bf3
78,248,141,#4ef88d,#4ef88d
69,72,166,#4548a6,#4548a6
83,242,121,#53f279,#53f279
189,177,11,#bdb10b,#bdb10b
51,158,129,#339e81,#339e81
49,107,211,#316bd3,#316bd3
161,41,157,#a1299d,#a1299d
78,104,136,#4e6888,#4e6888
229,230,115,#e5e673,#e5e673
225,156,139,#e19c8b,#e19c8b
104,134,187,#6886bb,#6886bb
222,219,80,#dedb50,#dedb50
160,166,237,#a0a6ed,#a0a6ed
64,106,254,#406afe,#406afe
162,106,246,#a26af6,#a26af6
43,224,154,#2be09a,#2be09a
43,88,58,#2b583a,#2b583a
47,70,204,#2f46cc,#2f46cc
208,189,194,#d0bdc2,#d0bdc2
113,219,254,#71dbfe,#71dbfe
171,197,199,#abc5c7,#abc5c7
13,220,74,#0ddc4a,#0ddc4a
163,125,54,#a37d36,#a37d36
150,157,134,#969d86,#969d86
86,117,96,#567560,#567560
221,250,240,#ddfaf0,#ddfaf0
211,21,176,#d315b0,#d315b0
234,125,146,#ea7d92,#ea7d92
173,65,169,#ad41a9,#ad41a9
132,65,90,#84415a,#84415a
84,52,7,#543407,#543407
44,159,143,#2c9f8f,#2c9f8f
55,255,125,#37ff7d,#37ff7d
192,248,17,#c0f811,#c0f811
231,222,20,#e7de14,#e7de14
23,206,250,#17cefa,#17cefa
16,36,24,#102418,#102418
138,103,0,#8a6700,#8a6700
239,123,215,#ef7bd7,#ef7bd7
146,142,65,#928e41,#928e41
181,188,221,#b5bcdd,#b5bcdd
16,231,191,#10e7bf,#10e7bf
237,112,43,#ed702b,#ed702b
103,62,219,#673edb,#673edb
184,48,193,#b830c1,#b830c1
142,14,199,#8e0ec7,#8e0ec7
45,133,99,#2d8563,#2d8563
77,116,194,#4d74c2,#4d74c2
72,44,201,#482cc9,#482cc9
169,181,202,#a9b5ca,#a9b5ca
86,35,163,#5623a3,#5623a3
185,208,68,#b9d044,#b9d044
209,28,90,#d11c5a,#d11c5a
35,181,182,#23b5b6,#23b5b6
86,187,164,#56bba4,#56bba4
250,139,46,#fa8b2e,#fa8b2e
19,211,194,#13d3c2,#13d3c2
6,167,23,#06a717,#06a717
60,236,51,#3cec33,#3cec33
193,74,111,#c14a6f,#c14a6f
57,42,20,#392a14,#392a14
229,82,137,#e55289,#e55289
202,108,62,#ca6c3e,#ca6c3e
252,64,70,#fc4046,#fc4046
68,187,25,#44bb19,#44bb19
200,7,92,#c8075c,#c8075c
68,46,225,#442ee1,#442ee1
32,238,243,#20eef3,#20eef3
222,178,43,#deb22b,#deb22b
240,169,31,#f0a91f,#f0a91f
203,169,250,#cba9fa,#cba9fa
76,20,220,#4c14dc,#4c14dc
243,140,212,#f38cd4,#f38cd4
163,44,112,#a32c70,#a32c70
103,147,79,#67934f,#67934f
193,226,81,#c1e251,#c1e251
161,6,233,#a106e9,#a106e9
218,94,137,#da5e89,#da5e89
141,88,154,#8d589a,#8d589a
150,34,102,#962266,#962266
167,142,91,#a78e5b,#a78e5b
4,10,211,#040ad3,#040ad3
71,206,39,#47ce27,#47ce27
173,194,205,#adc2cd,#adc2cd
101,203,41,#65cb29,#65cb29
191,60,86,#bf3c56,#bf3c56
64,219,224,#40dbe0,#40dbe0
245,130,24,#f58218,#f58218
91,129,106,#5b816a,#5b816a
180,141,244,#b48df4,#b48df4
21,140,22,#158c16,#158c16
95,184,223,#5fb8df,#5fb8df
230,209,224,#e6d1e0,#e6d1e0
50,187,153,#32bb99,#32bb99
124,232,178,#7ce8b2,#7ce8b2
177,30,17,#b11e11,#b11e11
129,217,195,#81d9c3,#81d9c3
97,240,66,#61f042,#61f042
45,63,186,#2d3fba,#2d3fba
33,226,226,#21e2e2,#21e2e2
116,30,239,#741eef,#741eef
16,38,8,#102608,#102608
148,62,62,#943e3e,#943e3e
182,171,239,#b6abef,#b6abef
73,37,45,#49252d,#49252d
193,96,132,#c16084,#c16084
171,97,133,#ab6185,#ab6185
26,201,241,#1ac9f1,#1ac9f1
51,177,55,#33b137,#33b137
207,227,218,#cfe3da,#cfe3da
246,85,32,#f65520,#f65520
228,178,106,#e4b26a,#e4b26a
202,70,223,#ca46df,#ca46df
133,201,2,#85c902,#85c902
34,46,72,#222e48,#222e48
49,152,131,#319883,#319883
160,225,188,#a0e1bc,#a0e1bc
32,157,120,#209d78,#209d78
87,212,40,#57d428,#57d428
96,156,138,#609c8a,#609c8a
39,24,121,#271879,#271879
2,45,65,#022d41,#022d41
24,133,66,#188542,#188542
112,77,190,#704dbe,#704dbe
197,221,8,#c5dd08,#c5dd08
198,57,48,#c63930,#c63930
245,214,122,#f5d67a,#f5d67a
34,188,138,#22bc8a,#22bc8a
76,158,8,#4c9e08,#4c9e08
35,70,197,#2346c5,#2346c5
24,213,243,#18d5f3,#18d5f3
42,218,156,#2ada9c,#2ada9c
160,182,149,#a0b695,#a0b695
229,57,5,#e53905,#e53905
79,113,20,#4f7114,#4f7114
179,6,39,#b30627,#b30627
211,51,183,#d333b7,#d333b7
34,148,149,#229495,#229495
162,170,57,#a2aa39,#a2aa39
194,93,32,#c25d20,#c25d20
36,84,106,#24546a,#24546a
216,236,168,#d8eca8,#d8eca8
126,133,128,#7e8580,#7e8580
249,247,215,#f9f7d7,#f9f7d7
127,167,72,#7fa748,#7fa748
73,30,164,#491ea4,#491ea4
131,112,113,#837071,#837071
137,191,111,#89bf6f,#89bf6f
109,253,164,#6dfda4,#6dfda4
103,247,197,#67f7c5,#67f7c5
198,70,219,#c646db,#c646db
134,125,191,#867dbf,#867dbf
69,73,6,#454906,#454906
151,64,71,#974047,#974047
204,210,122,#ccd27a,#ccd27a
0,56,168,#0038a8,#0038a8
54,47,101,#362f65,#362f65
13,110,93,#0d6e5d,#0d6e5d
112,141,107,#708d6b,#708d6b
155,225,175,#9be1af,#9be1af
98,232,46,#62e82e,#62e82e
50,213,131,#32d583,#32d583
208,212,121,#d0d479,#d0d479
190,199,144,#bec790,#bec790
198,207,251,#c6cffb,#c6cffb
15,101,134,#0f6586,#0f6586
113,86,194,#7156c2,#7156c2
178,64,245,#b240f5,#b240f5
32,35,179,#2023b3,#2023b3
210,185,99,#d2b963,#d2b963
191,22,192,#bf16c0,#bf16c0
56,229,61,#38e53d,#38e53d
83,245,20,#53f514,#53f514
20,151,80,#149750,#149750
57,231,79,#39e74f,#39e74f
227,129,79,#e3814f,#e3814f
144,51,10,#90330a,#90330a
215,103,36,#d76724,#d76724
95,135,123,#5f877b,#5f877b
179,87,238,#b357ee,#b357ee
116,221,203,#74ddcb,#74ddcb
63,19,115,#3f1373,#3f1373
139,105,146,#8b6992,#8b6992
213,63,214,#d53fd6,#d53fd6
53,27,39,#351b27,#351b27
165,91,142,#a55b8e,#a55b8e
93,69,99,#5d4563,#5d4563
217,250,212,#d9fad4,#d9fad4
197,215,51,#c5d733,#c5d733
88,106,124,#586a7c,#586a7c
239,186,210,#efbad2,#efbad2
52,199,25,#34c719,#34c719
76,237,55,#4ced37,#4ced37
3,176,196,#03b0c4,#03b0c4
212,99,127,#d4637f,#d4637f
110,19,218,#6e13da,#6e13da
93,5,103,#5d0567,#5d0567
76,128,4,#4c8004,#4c8004
198,171,24,#c6ab18,#c6ab18
137,157,180,#899db4,#899db4
132,49,90,#84315a,#84315a
70,131,131,#468383,#468383
135,44,226,#872ce2,#872ce2
106,151,163,#6a97a3,#6a97a3
38,21,161,#2615a1,#2615a1
186,169,79,#baa94f,#baa94f
91,156,11,#5b9c0b,#5b9c0b
210,79,195,#d24fc3,#d24fc3
47,194,139,#2fc28b,#2fc28b
59,32,168,#3b20a8,#3b20a8
138,175,2,#8aaf02,#8aaf02
40,102,37,#286625,#286625
190,229,55,#bee537,#bee537
193,209,107,#c1d16b,#c1d16b
88,143,46,#588f2e,#588f2e
39,155,54,#279b36,#279b36
2,27,108,#021b6c,#021b6c
235,214,138,#ebd68a,#ebd68a
38,41,219,#2629db,#2629db
37,248,64,#25f840,#25f840
116,190,38,#74be26,#74be26
230,20,157,#e6149d,#e6149d
17,233,251,#11e9fb,#11e9fb
19,205,245,#13cdf5,#13cdf5
23,66,56,#174238,#174238
60,215,78,#3cd74e,#3cd74e
103,215,96,#67d760,#67d760
191,171,33,#bfab21,#bfab21
95,57,25,#5f3919,#5f3919
172,65,35,#ac4123,#ac4123
217,198,17,#d9c611,#d9c611
90,75,156,#5a4b9c,#5a4b9c
116,92,172,#745cac,#745cac
240,223,97,#f0df61,#f0df61
240,185,173,#f0b9ad,#f0b9ad
76,12,99,#4c0c63,#4c0c63
147,245,192,#93f5c0,#93f5c0
8,225,222,#08e1de,#08e1de
159,251,228,#9ffbe4,#9ffbe4
0,231,53,#00e735,#00e735
170,238,160,#aaeea0,#aaeea0
107,62,209,#6b3ed1,#6b3ed1
163,235,182,#a3ebb6,#a3ebb6
77,109,135,#4d6d87,#4d6d87
4,190,1,#04be01,#04be01
110,166,1,#6ea601,#6ea601
53,27,33,#351b21,#351b21
221,192,200,#ddc0c8,#ddc0c8
95,42,195,#5f2ac3,#5f2ac3
33,89,50,#215932,#215932
66,183,35,#42b723,#42b723
144,77,222,#904dde,#904dde
157,159,211,#9d9fd3,#9d9fd3
197,177,157,#c5b19d,#c5b19d
83,9,110,#53096e,#53096e
140,118,235,#8c76eb,#8c76eb
45,183,153,#2db799,#2db799
179,41,121,#b32979,#b32979
94,190,51,#5ebe33,#5ebe33
221,9,215,#dd09d7,#dd09d7
74,10,22,#4a0a16,#4a0a16
17,197,4,#11c504,#11c504
172,62,226,#ac3ee2,#ac3ee2
30,253,82,#1efd52,#1efd52
119,70,198,#7746c6,#7746c6
162,3,3,#a20303,#a20303
173,147,30,#ad931e,#ad931e
30,165,245,#1ea5f5,#1ea5f5
160,219,154,#a0db9a,#a0db9a
180,18,249,#b412f9,#b412f9
247,185,182,#f7b9b6,#f7b9b6
181,212,79,#b5d44f,#b5d44f
80,112,167,#5070a7,#5070a7
141,242,152,#8df298,#8df298
245,129,227,#f581e3,#f581e3
94,81,149,#5e5195,#5e5195
96,100,47,#60642f,#60642f
97,126,233,#617ee9,#617ee9
235,166,29,#eba61d,#eba61d
32,236,78,#20ec4e,#20ec4e
18,96,153,#126099,#126099
64,180,126,#40b47e,#40b47e
213,122,251,#d57afb,#d57afb
156,176,98,#9cb062,#9cb062
224,110,26,#e06e1a,#e06e1a
76,229,115,#4ce573,#4ce573
5,143,31,#058f1f,#058f1f
105,200,147,#69c893,#69c893
144,45,227,#902de3,#902de3
107,222,138,#6bde8a,#6bde8a
32,162,59,#20a23b,#20a23b
176,53,15,#b0350f,#b0350f
33,150,244,#2196f4,#2196f4
215,239,50,#d7ef32,#d7ef32
182,179,121,#b6b379,#b6b379
24,61,222,#183dde,#183dde
94,108,242,#5e6cf2,#5e6cf2
116,172,162,#74aca2,#74aca2
160,81,154,#a0519a,#a0519a
234,44,207,#ea2ccf,#ea2ccf
179,123,46,#b37b2e,#b37b2e
151,239,73,#97ef49,#97ef49
138,182,181,#8ab6b5,#8ab6b5
14,27,178,#0e1bb2,#0e1bb2
31,102,116,#1f6674,#1f6674
221,80,79,#dd504f,#dd504f
178,238,244,#b2eef4,#b2eef4
69,18,156,#45129c,#45129c
76,222,186,#4cdeba,#4cdeba
205,155,246,#cd9bf6,#cd9bf6
239,97,123,#ef617b,#ef617b
195,127,61,#c37f3d,#c37f3d
218,47,154,#da2f9a,#da2f9a
94,6,50,#5e0632,#5e0632
191,184,244,#bfb8f4,#bfb8f4
63,125,75,#3f7d4b,#3f7d4b
50,156,87,#329c57,#329c57
151,79,102,#974f66,#974f66
225,184,16,#e1b810,#e1b810
51,86,178,#3356b2,#3356b2
111,7,141,#6f078d,#6f078d
122,130,195,#7a82c3,#7a82c3
8,86,208,#0856d0,#0856d0
37,209,49,#25d131,#25d131
135,85,198,#8755c6,#8755c6
219,107,74,#db6b4a,#db6b4a
193,22,193,#c116c1,#c116c1
4,92,158,#045c9e,#045c9e
94,94,106,#5e5e6a,#5e5e6a
177,73,173,#b149ad,#b149ad
121,50,144,#793290,#793290
147,48,205,#9330cd,#9330cd
238,41,244,#ee29f4,#ee29f4
9,198,233,#09c6e9,#09c6e9
203,156,103,#cb9c67,#cb9c67
157,122,98,#9d7a62,#9d7a62
154,103,242,#9a67f2,#9a67f2
164,156,22,#a49c16,#a49c16
237,88,164,#ed58a4,#ed58a4
56,44,57,#382c39,#382c39
9,143,93,#098f5d,#098f5d
54,197,28,#36c51c,#36c51c
14,142,135,#0e8e87,#0e8e87
0,43,221,#002bdd,#002bdd
132,202,159,#84ca9f,#84ca9f
137,250,146,#89fa92,#89fa92
53,123,250,#357bfa,#357bfa
129,182,68,#81b644,#81b644
108,235,154,#6ceb9a,#6ceb9a
144,188,177,#90bcb1,#90bcb1
224,183,48,#e0b730,#e0b730
65,22,194,#4116c2,#4116c2
135,206,116,#87ce74,#87ce74
93,114,205,#5d72cd,#5d72cd
78,86,170,#4e56aa,#4e56aa
26,39,93,#1a275d,#1a275d
26,232,69,#1ae845,#1ae845
242,234,243,#f2eaf3,#f2eaf3
158,242,190,#9ef2be,#9ef2be
167,38,92,#a7265c,#a7265c
154,119,29,#9a771d,#9a771d
152,253,243,#98fdf3,#98fdf3
190,70,6,#be4606,#be4606
239,89,7,#ef5907,#ef5907
11,218,83,#0bda53,#0bda53
159,241,37,#9ff125,#9ff125
162,21,224,#a215e0,#a215e0
236,16,86,#ec1056,#ec1056
194,234,208,#c2ead0,#c2ead0
197,105,223,#c569df,#c569df
44,65,148,#2c4194,#2c4194
184,141,161,#b88da1,#b88da1
149,4,87,#950457,#950457
54,148,80,#369450,#369450
37,40,113,#252871,#252871
46,195,8,#2ec308,#2ec308
151,201,209,#97c9d1,#97c9d1
125,132,52,#7d8434,#7d8434
197,154,155,#c59a9b,#c59a9b
218,201,85,#dac955,#dac955
22,103,65,#166741,#166741
4,118,104,#047668,#047668
216,189,53,#d8bd35,#d8bd35
94,143,14,#5e8f0e,#5e8f0e
110,44,214,#6e2cd6,#6e2cd6
101,130,94,#65825e,#65825e
237,109,103,#ed6d67,#ed6d67
119,121,155,#77799b,#77799b
75,145,80,#4b9150,#4b9150
38,127,172,#267fac,#267fac
250,24,60,#fa183c,#fa183c
124,84,15,#7c540f,#7c540f
66,75,162,#424ba2,#424ba2
68,133,110,#44856e,#44856e
95,199,130,#5fc782,#5fc782
129,40,59,#81283b,#81283b
218,207,189,#dacfbd,#dacfbd
144,172,7,#90ac07,#90ac07
115,252,109,#73fc6d,#73fc6d
239,193,221,#efc1dd,#efc1dd
247,150,97,#f79661,#f79661
81,68,13,#51440d,#51440d
243,41,182,#f329b6,#f329b6
150,63,175,#963faf,#963faf
120,147,218,#7893da,#7893da
113,138,142,#718a8e,#718a8e
71,111,179,#476fb3,#476fb3
227,185,187,#e3b9bb,#e3b9bb
213,39,95,#d5275f,#d5275f
98,115,4,#627304,#627304
80,172,84,#50ac54,#50ac54
118,104,122,#76687a,#76687a
37,207,161,#25cfa1,#25cfa1
15,237,155,#0fed9b,#0fed9b
171,203,133,#abcb85,#abcb85
120,248,130,#78f882,#78f882
188,154,6,#bc9a06,#bc9a06
190,110,27,#be6e1b,#be6e1b
232,225,241,#e8e1f1,#e8e1f1
71,177,174,#47b1ae,#47b1ae
166,130,26,#a6821a,#a6821a
32,206,49,#20ce31,#20ce31
28,69,252,#1c45fc,#1c45fc
35,248,72,#23f848,#23f848
122,40,55,#7a2837,#7a2837
176,174,246,#b0aef6,#b0aef6
215,193,95,#d7c15f,#d7c15f
65,81,179,#4151b3,#4151b3
30,117,29,#1e751d,#1e751d
195,185,151,#c3b997,#c3b997
197,11,21,#c50b15,#c50b15
65,107,20,#416b14,#416b14
14,227,43,#0ee32b,#0ee32b
9,142,113,#098e71,#098e71
137,124,212,#897cd4,#897cd4
233,75,151,#e94b97,#e94b97
12,148,187,#0c94bb,#0c94bb
40,147,123,#28937b,#28937b
251,74,183,#fb4ab7,#fb4ab7
97,215,139,#61d78b,#61d78b
50,144,16,#329010,#329010
40,176,91,#28b05b,#28b05b
82,190,41,#52be29,#52be29
243,7,21,#f30715,#f30715
182,187,102,#b6bb66,#b6bb66
237,141,105,#ed8d69,#ed8d69
134,137,133,#868985,#868985
232,40,9,#e82809,#e82809
250,108,101,#fa6c65,#fa6c65
223,163,201,#dfa3c9,#dfa3c9
196,31,38,#c41f26,#c41f26
1,45,69,#012d45,#012d45
160,209,179,#a0d1b3,#a0d1b3
31,96,215,#1f60d7,#1f60d7
198,203,29,#c6cb1d,#c6cb1d
2,251,0,#02fb00,#02fb00
30,182,221,#1eb6dd,#1eb6dd
198,61,179,#c63db3,#c63db3
53,205,66,#35cd42,#35cd42
35,234,9,#23ea09,#23ea09
122,222,235,#7adeeb,#7adeeb
94,43,21,#5e2b15,#5e2b15
1,106,127,#016a7f,#016a7f
112,202,241,#70caf1,#70caf1
13,221,188,#0dddbc,#0dddbc
107,162,239,#6ba2ef,#6ba2ef
249,223,191,#f9dfbf,#f9dfbf
27,3,166,#1b03a6,#1b03a6
247,69,157,#f7459d,#f7459d
205,124,29,#cd7c1d,#cd7c1d
183,185,226,#b7b9e2,#b7b9e2
136,92,104,#885c68,#885c68
64,0,238,#4000ee,#4000ee
137,102,162,#8966a2,#8966a2
84,73,68,#544944,#544944
200,213,126,#c8d57e,#c8d57e
221,243,39,#ddf327,#ddf327
200,234,200,#c8eac8,#c8eac8
225,13,90,#e10d5a,#e10d5a
143,7,146,#8f0792,#8f0792
22,168,18,#16a812,#16a812
211,100,58,#d3643a,#d3643a
123,210,193,#7bd2c1,#7bd2c1
211,115,56,#d37338,#d37338
188,210,84,#bcd254,#bcd254
122,12,102,#7a0c66,#7a0c66
150,66,75,#96424b,#96424b
136,249,219,#88f9db,#88f9db
188,40,60,#bc283c,#bc283c
95,69,149,#5f4595,#5f4595
167,214,93,#a7d65d,#a7d65d
119,49,81,#773151,#773151
208,162,116,#d0a274,#d0a274
137,251,221,#89fbdd,#89fbdd
29,62,197,#1d3ec5,#1d3ec5
52,102,40,#346628,#346628
121,5,192,#7905c0,#7905c0
245,100,36,#f56424,#f56424
82,65,72,#524148,#524148
75,167,168,#4ba7a8,#4ba7a8
228,36,34,#e42422,#e42422
112,203,224,#70cbe0,#70cbe0
212,164,244,#d4a4f4,#d4a4f4
213,53,76,#d5354c,#d5354c
118,68,11,#76440b,#76440b
95,156,136,#5f9c88,#5f9c88
15,112,117,#0f7075,#0f7075
107,190,101,#6bbe65,#6bbe65
164,223,164,#a4dfa4,#a4dfa4
184,7,188,#b807bc,#b807bc
227,87,140,#e3578c,#e3578c
33,209,192,#21d1c0,#21d1c0
31,174,63,#1fae3f,#1fae3f
254,49,89,#fe3159,#fe3159
141,236,46,#8dec2e,#8dec2e
61,60,163,#3d3ca3,#3d3ca3
61,234,150,#3dea96,#3dea96
239,244,33,#eff421,#eff421
198,157,54,#c69d36,#c69d36
203,187,15,#cbbb0f,#cbbb0f
109,247,166,#6df7a6,#6df7a6
109,221,133,#6ddd85,#6ddd85
184,57,186,#b839ba,#b839ba
112,245,132,#70f584,#70f584
79,178,179,#4fb2b3,#4fb2b3
14,30,54,#0e1e36,#0e1e36
193,126,131,#c17e83,#c17e83
149,192,154,#95c09a,#95c09a
5,11,40,#050b28,#050b28
248,208,174,#f8d0ae,#f8d0ae
107,18,147,#6b1293,#6b1293
203,96,196,#cb60c4,#cb60c4
31,28,90,#1f1c5a,#1f1c5a
15,194,125,#0fc27d,#0fc27d
205,64,94,#cd405e,#cd405e
144,74,43,#904a2b,#904a2b
92,144,94,#5c905e,#5c905e
211,1,240,#d301f0,#d301f0
182,248,112,#b6f870,#b6f870
116,22,239,#7416ef,#7416ef
247,93,207,#f75dcf,#f75dcf
173,30,13,#ad1e0d,#ad1e0d
48,15,100,#300f64,#300f64
75,233,34,#4be922,#4be922
223,91,230,#df5be6,#df5be6
164,49,166,#a431a6,#a431a6
168,197,240,#a8c5f0,#a8c5f0
122,125,212,#7a7dd4,#7a7dd4
7,179,172,#07b3ac,#07b3ac
45,27,69,#2d1b45,#2d1b45
237,21,166,#ed15a6,#ed15a6
212,219,223,#d4dbdf,#d4dbdf
181,73,147,#b54993,#b54993
230,2,166,#e602a6,#e602a6
182,214,85,#b6d655,#b6d655
101,110,9,#656e09,#656e09
246,169,95,#f6a95f,#f6a95f
96,144,84,#609054,#609054
148,229,12,#94e50c,#94e50c
18,100,161,#1264a1,#1264a1
149,29,38,#951d26,#951d26
108,173,13,#6cad0d,#6cad0d
249,249,211,#f9f9d3,#f9f9d3
60,61,117,#3c3d75,#3c3d75
247,51,148,#f73394,#f73394
237,151,210,#ed97d2,#ed97d2
254,172,86,#feac56,#feac56
18,19,249,#1213f9,#1213f9
58,177,221,#3ab1dd,#3ab1dd
96,187,235,#60bbeb,#60bbeb
156,170,205,#9caacd,#9caacd
85,176,66,#55b042,#55b042
80,107,166,#506ba6,#506ba6
185,25,114,#b91972,#b91972
249,212,18,#f9d412,#f9d412
89,207,146,#59cf92,#59cf92
131,18,153,#831299,#831299
103,26,215,#671ad7,#671ad7
47,44,31,#2f2c1f,#2f2c1f
43,155,1,#2b9b01,#2b9b01
235,158,68,#eb9e44,#eb9e44
149,153,224,#9599e0,#9599e0
232,211,1,#e8d301,#e8d301
22,197,53,#16c535,#16c535
51,250,13,#33fa0d,#33fa0d
212,15,32,#d40f20,#d40f20
147,221,17,#93dd11,#93dd11
84,120,143,#54788f,#54788f
33,51,21,#213315,#213315
228,34,23,#e42217,#e42217
187,136,112,#bb8870,#bb8870
40,111,234,#286fea,#286fea
153,179,136,#99b388,#99b388
39,229,54,#27e536,#27e536
234,128,119,#ea8077,#ea8077
246,231,37,#f6e725,#f6e725
77,78,21,#4d4e15,#4d4e15
179,7,83,#b30753,#b30753
5,164,87,#05a457,#05a457
248,135,203,#f887cb,#f887cb
167,98,37,#a76225,#a76225
37,234,116,#25ea74,#25ea74
174,231,42,#aee72a,#aee72a
16,16,181,#1010b5,#1010b5
116,151,71,#749747,#749747
38,152,119,#269877,#269877
82,54,18,#523612,#523612
38,151,83,#269753,#269753
58,18,133,#3a1285,#3a1285
54,0,138,#36008a,#36008a
58,169,90,#3aa95a,#3aa95a
44,225,68,#2ce144,#2ce144
11,103,126,#0b677e,#0b677e
70,65,152,#464198,#464198
120,23,122,#78177a,#78177a
90,26,81,#5a1a51,#5a1a51
120,61,230,#783de6,#783de6
48,252,119,#30fc77,#30fc77
6,132,145,#068491,#068491
247,45,43,#f72d2b,#f72d2b
106,96,216,#6a60d8,#6a60d8
46,20,64,#2e1440,#2e1440
190,232,2,#bee802,#bee802
126,81,117,#7e5175,#7e5175
240,191,23,#f0bf17,#f0bf17
227,223,167,#e3dfa7,#e3dfa7
45,32,86,#2d2056,#2d2056
50,186,106,#32ba6a,#32ba6a
224,145,243,#e091f3,#e091f3
114,221,227,#72dde3,#72dde3
197,17,29,#c5111d,#c5111d
68,69,102,#444566,#444566
45,176,181,#2db0b5,#2db0b5
142,169,34,#8ea922,#8ea922
32,157,171,#209dab,#209dab
218,148,189,#da94bd,#da94bd
234,65,253,#ea41fd,#ea41fd
134,218,231,#86dae7,#86dae7
96,197,92,#60c55c,#60c55c
55,209,100,#37d164,#37d164
138,126,178,#8a7eb2,#8a7eb2
215,253,179,#d7fdb3,#d7fdb3
183,5,83,#b70553,#b70553
171,230,144,#abe690,#abe690
19,210,85,#13d255,#13d255
75,93,232,#4b5de8,#4b5de8
27,102,138,#1b668a,#1b668a
146,21,9,#921509,#921509
141,8,24,#8d0818,#8d0818
135,95,188,#875fbc,#875fbc
121,148,93,#79945d,#79945d
95,155,73,#5f9b49,#5f9b49
216,154,158,#d89a9e,#d89a9e
88,34,171,#5822ab,#5822ab
85,43,68,#552b44,#552b44
1,217,94,#01d95e,#01d95e
46,63,6,#2e3f06,#2e3f06
15,228,223,#0fe4df,#0fe4df
30,243,20,#1ef314,#1ef314
134,149,205,#8695cd,#8695cd
114,246,204,#72f6cc,#72f6cc
254,25,44,#fe192c,#fe192c
179,26,79,#b31a4f,#b31a4f
27,10,157,#1b0a9d,#1b0a9d
150,201,135,#96c987,#96c987
141,108,155,#8d6c9b,#8d6c9b
200,88,140,#c8588c,#c8588c
216,228,227,#d8e4e3,#d8e4e3
61,227,194,#3de3c2,#3de3c2
148,98,135,#946287,#946287
145,19,148,#911394,#911394
24,129,249,#1881f9,#1881f9
252,128,165,#fc80a5,#fc80a5
87,63,46,#573f2e,#573f2e
169,50,85,#a93255,#a93255
88,7,46,#58072e,#58072e
248,245,155,#f8f59b,#f8f59b
156,103,119,#9c6777,#9c6777
167,226,161,#a7e2a1,#a7e2a1
1,229,48,#01e530,#01e530
58,198,32,#3ac620,#3ac620
12,26,230,#0c1ae6,#0c1ae6
137,53,117,#893575,#893575
182,141,71,#b68d47,#b68d47
58,28,219,#3a1cdb,#3a1cdb
224,201,210,#e0c9d2,#e0c9d2
189,71,194,#bd47c2,#bd47c2
180,128,56,#b48038,#b48038
52,105,50,#346932,#346932
17,3,134,#110386,#110386
183,17,221,#b711dd,#b711dd
31,5,145,#1f0591,#1f0591
253,224,19,#fde013,#fde013
14,62,176,#0e3eb0,#0e3eb0
11,210,80,#0bd250,#0bd250
115,160,34,#73a022,#73a022
29,156,146,#1d9c92,#1d9c92
147,195,160,#93c3a0,#93c3a0
197,100,154,#c5649a,#c5649a
35,57,120,#233978,#233978
84,103,203,#5467cb,#5467cb
105,154,58,#699a3a,#699a3a
73,52,183,#4934b7,#4934b7
86,66,81,#564251,#564251
154,198,82,#9ac652,#9ac652
100,218,5,#64da05,#64da05
19,60,130,#133c82,#133c82
247,185,186,#f7b9ba,#f7b9ba
157,19,82,#9d1352,#9d1352
73,234,28,#49ea1c,#49ea1c
92,52,249,#5c34f9,#5c34f9
195,141,244,#c38df4,#c38df4
37,62,129,#253e81,#253e81
38,123,16,#267b10,#267b10
103,164,121,#67a479,#67a479
165,165,234,#a5a5ea,#a5a5ea
60,81,30,#3c511e,#3c511e
134,254,98,#86fe62,#86fe62
15,78,78,#0f4e4e,#0f4e4e
215,77,126,#d74d7e,#d74d7e
248,127,42,#f87f2a,#f87f2a
190,117,57,#be7539,#be7539
16,188,177,#10bcb1,#10bcb1
82,77,72,#524d48,#524d48
232,197,187,#e8c5bb,#e8c5bb
55,61,242,#373df2,#373df2
61,19,188,#3d13bc,#3d13bc
95,29,252,#5f1dfc,#5f1dfc
204,167,153,#cca799,#cca799
130,87,172,#8257ac,#8257ac
63,178,80,#3fb250,#3fb250
133,3,70,#850346,#850346
127,104,168,#7f68a8,#7f68a8
63,117,119,#3f7577,#3f7577
178,117,198,#b275c6,#b275c6
41,22,240,#2916f0,#2916f0
95,244,81,#5ff451,#5ff451
118,94,51,#765e33,#765e33
17,203,13,#11cb0d,#11cb0d
133,151,117,#859775,#859775
78,248,211,#4ef8d3,#4ef8d3
17,243,64,#11f340,#11f340
93,141,253,#5d8dfd,#5d8dfd
178,209,72,#b2d148,#b2d148
96,47,1,#602f01,#602f01
32,39,85,#202755,#202755
244,242,72,#f4f248,#f4f248
251,84,151,#fb5497,#fb5497
128,249,56,#80f938,#80f938
234,14,64,#ea0e40,#ea0e40
145,174,168,#91aea8,#91aea8
127,45,155,#7f2d9b,#7f2d9b
40,211,124,#28d37c,#28d37c
25,132,10,#19840a,#19840a
238,252,244,#eefcf4,#eefcf4
227,19,83,#e31353,#e31353
219,1,10,#db010a,#db010a
87,179,151,#57b397,#57b397
187,201,85,#bbc955,#bbc955
58,164,134,#3aa486,#3aa486
215,3,254,#d703fe,#d703fe
49,137,49,#318931,#318931
125,196,115,#7dc473,#7dc473
196,198,175,#c4c6af,#c4c6af
26,31,81,#1a1f51,#1a1f51
103,159,31,#679f1f,#679f1f
95,241,28,#5ff11c,#5ff11c
181,0,135,#b50087,#b50087
187,111,88,#bb6f58,#bb6f58
211,10,227,#d30ae3,#d30ae3
50,164,147,#32a493,#32a493
202,201,245,#cac9f5,#cac9f5
124,98,203,#7c62cb,#7c62cb
99,93,69,#635d45,#635d45
152,29,208,#981dd0,#981dd0
251,111,191,#fb6fbf,#fb6fbf
190,176,34,#beb022,#beb022
7,44,59,#072c3b,#072c3b
49,211,244,#31d3f4,#31d3f4
30,237,120,#1eed78,#1eed78
154,242,99,#9af263,#9af263
42,141,186,#2a8dba,#2a8dba
43,130,137,#2b8289,#2b8289
129,160,34,#81a022,#81a022
8,251,114,#08fb72,#08fb72
225,75,54,#e14b36,#e14b36
43,132,196,#2b84c4,#2b84c4
255,9,151,#ff0997,#ff0997
197,144,121,#c59079,#c59079
91,188,19,#5bbc13,#5bbc13
242,184,133,#f2b885,#f2b885
65,199,218,#41c7da,#41c7da
2,189,8,#02bd08,#02bd08
89,95,186,#595fba,#595fba
19,106,46,#136a2e,#136a2e
170,227,169,#aae3a9,#aae3a9
254,99,235,#fe63eb,#fe63eb
202,106,16,#ca6a10,#ca6a10
40,62,129,#283e81,#283e81
90,150,149,#5a9695,#5a9695
161,209,243,#a1d1f3,#a1d1f3
88,213,248,#58d5f8,#58d5f8
114,156,168,#729ca8,#729ca8
18,14,44,#120e2c,#120e2c
62,90,10,#3e5a0a,#3e5a0a
210,154,100,#d29a64,#d29a64
6,125,98,#067d62,#067d62
127,249,108,#7ff96c,#7ff96c
219,54,81,#db3651,#db3651
77,43,62,#4d2b3e,#4d2b3e
156,214,248,#9cd6f8,#9cd6f8
57,161,61,#39a13d,#39a13d
138,87,116,#8a5774,#8a5774
243,215,164,#f3d7a4,#f3d7a4
236,202,80,#ecca50,#ecca50
139,43,130,#8b2b82,#8b2b82
113,225,132,#71e184,#71e184
208,122,111,#d07a6f,#d07a6f
93,225,54,#5de136,#5de136
87,164,65,#57a441,#57a441
66,248,9,#42f809,#42f809
174,3,85,#ae0355,#ae0355
134,26,112,#861a70,#861a70
32,20,14,#20140e,#20140e
25,113,255,#1971ff,#1971ff
162,214,167,#a2d6a7,#a2d6a7
4,224,183,#04e0b7,#04e0b7
166,53,233,#a635e9,#a635e9
150,102,152,#966698,#966698
32,170,108,#20aa6c,#20aa6c
70,179,102,#46b366,#46b366
239,214,243,#efd6f3,#efd6f3
94,47,5,#5e2f05,#5e2f05
100,239,241,#64eff1,#64eff1
159,65,32,#9f4120,#9f4120
75,182,40,#4bb628,#4bb628
190,140,79,#be8c4f,#be8c4f
84,66,32,#544220,#544220
58,98,58,#3a623a,#3a623a
105,109,137,#696d89,#696d89
130,119,228,#8277e4,#8277e4
137,109,201,#896dc9,#896dc9
198,137,104,#c68968,#c68968
75,47,128,#4b2f80,#4b2f80
177,76,248,#b14cf8,#b14cf8
208,84,19,#d05413,#d05413
216,66,216,#d842d8,#d842d8
82,104,163,#5268a3,#5268a3
237,47,162,#ed2fa2,#ed2fa2
213,31,229,#d51fe5,#d51fe5
126,168,147,#7ea893,#7ea893
166,226,24,#a6e218,#a6e218
155,104,246,#9b68f6,#9b68f6
59,140,244,#3b8cf4,#3b8cf4
100,58,72,#643a48,#643a48
0,176,14,#00b00e,#00b00e
62,160,99,#3ea063,#3ea063
112,61,52,#703d34,#703d34
141,8,52,#8d0834,#8d0834
229,134,47,#e5862f,#e5862f
58,36,255,#3a24ff,#3a24ff
69,47,129,#452f81,#452f81
42,98,227,#2a62e3,#2a62e3
47,7,111,#2f076f,#2f076f
86,22,49,#561631,#561631
93,203,63,#5dcb3f,#5dcb3f
194,19,147,#c21393,#c21393
135,15,85,#870f55,#870f55
95,254,1,#5ffe01,#5ffe01
100,103,123,#64677b,#64677b
200,196,14,#c8c40e,#c8c40e
167,170,7,#a7aa07,#a7aa07
119,173,161,#77ada1,#77ada1
222,56,173,#de38ad,#de38ad
90,164,146,#5aa492,#5aa492
62,91,8,#3e5b08,#3e5b08
13,179,109,#0db36d,#0db36d
145,172,75,#91ac4b,#91ac4b
247,138,220,#f78adc,#f78adc
3,180,186,#03b4ba,#03b4ba
203,194,30,#cbc21e,#cbc21e
174,111,221,#ae6fdd,#ae6fdd
118,149,62,#76953e,#76953e
145,3,13,#91030d,#91030d
91,71,72,#5b4748,#5b4748
28,0,92,#1c005c,#1c005c
218,12,71,#da0c47,#da0c47
204,215,20,#ccd714,#ccd714
35,113,24,#237118,#237118
226,230,97,#e2e661,#e2e661
206,78,166,#ce4ea6,#ce4ea6
105,122,238,#697aee,#697aee
204,138,187,#cc8abb,#cc8abb
136,253,135,#88fd87,#88fd87
26,39,117,#1a2775,#1a2775
141,172,203,#8daccb,#8daccb
114,228,182,#72e4b6,#72e4b6
191,250,54,#bffa36,#bffa36
202,224,189,#cae0bd,#cae0bd
103,197,137,#67c589,#67c589
26,149,33,#1a9521,#1a9521
168,151,6,#a89706,#a89706
53,208,23,#35d017,#35d017
64,237,189,#40edbd,#40edbd
158,23,51,#9e1733,#9e1733
99,130,19,#638213,#638213
239,9,99,#ef0963,#ef0963
9,20,166,#0914a6,#0914a6
159,98,165,#9f62a5,#9f62a5
79,51,227,#4f33e3,#4f33e3
147,184,103,#93b867,#93b867
206,156,0,#ce9c00,#ce9c00
91,251,121,#5bfb79,#5bfb79
252,72,215,#fc48d7,#fc48d7
1,41,171,#0129ab,#0129ab
87,2,152,#570298,#570298
13,108,203,#0d6ccb,#0d6ccb
228,209,30,#e4d11e,#e4d11e
110,11,200,#6e0bc8,#6e0bc8
252,109,131,#fc6d83,#fc6d83
29,126,182,#1d7eb6,#1d7eb6
172,131,43,#ac832b,#ac832b
249,181,193,#f9b5c1,#f9b5c1
7,221,43,#07dd2b,#07dd2b
216,124,108,#d87c6c,#d87c6c
238,190,22,#eebe16,#eebe16
125,48,207,#7d30cf,#7d30cf
121,42,220,#792adc,#792adc
242,133,217,#f285d9,#f285d9
10,159,136,#0a9f88,#0a9f88
255,217,109,#ffd96d,#ffd96d
180,198,206,#b4c6ce,#b4c6ce
143,225,198,#8fe1c6,#8fe1c6
138,251,233,#8afbe9,#8afbe9
207,252,89,#cffc59,#cffc59
81,64,89,#514059,#514059
139,141,55,#8b8d37,#8b8d37
65,175,74,#41af4a,#41af4a
25,89,53,#195935,#195935
110,233,29,#6ee91d,#6ee91d
197,41,191,#c529bf,#c529bf
123,73,247,#7b49f7,#7b49f7
247,71,119,#f74777,#f74777
26,115,68,#1a7344,#1a7344
14,156,119,#0e9c77,#0e9c77
166,83,85,#a65355,#a65355
42,255,205,#2affcd,#2affcd
254,176,126,#feb07e,#feb07e
249,62,25,#f93e19,#f93e19
30,215,95,#1ed75f,#1ed75f
34,51,1,#223301,#223301
32,151,0,#209700,#209700
143,58,231,#8f3ae7,#8f3ae7
185,224,6,#b9e006,#b9e006
39,137,66,#278942,#278942
171,76,154,#ab4c9a,#ab4c9a
128,108,226,#806ce2,#806ce2
82,216,183,#52d8b7,#52d8b7
103,237,119,#67ed77,#67ed77
182,210,120,#b6d278,#b6d278
154,33,54,#9a2136,#9a2136
160,102,173,#a066ad,#a066ad
221,238,165,#ddeea5,#ddeea5
206,181,217,#ceb5d9,#ceb5d9
157,250,251,#9dfafb,#9dfafb
145,192,126,#91c07e,#91c07e
20,207,89,#14cf59,#14cf59
30,199,223,#1ec7df,#1ec7df
244,97,253,#f461fd,#f461fd
98,197,200,#62c5c8,#62c5c8
246,91,45,#f65b2d,#f65b2d
217,132,111,#d9846f,#d9846f
41,206,56,#29ce38,#29ce38
237,176,86,#edb056,#edb056
123,202,101,#7bca65,#7bca65
127,67,246,#7f43f6,#7f43f6
24,85,114,#185572,#185572
52,171,199,#34abc7,#34abc7
240,45,19,#f02d13,#f02d13
26,216,219,#1ad8db,#1ad8db
253,141,151,#fd8d97,#fd8d97
18,142,120,#128e78,#128e78
205,106,196,#cd6ac4,#cd6ac4
139,232,121,#8be879,#8be879
124,124,98,#7c7c62,#7c7c62
145,177,121,#91b179,#91b179
22,22,150,#161696,#161696
198,123,6,#c67b06,#c67b06
181,10,240,#b50af0,#b50af0
178,16,110,#b2106e,#b2106e
194,172,67,#c2ac43,#c2ac43
228,253,189,#e4fdbd,#e4fdbd
62,33,250,#3e21fa,#3e21fa
135,124,23,#877c17,#877c17
23,52,175,#1734af,#1734af
52,183,99,#34b763,#34b763
71,159,237,#479fed,#479fed
127,224,140,#7fe08c,#7fe08c
93,69,127,#5d457f,#5d457f
205,164,33,#cda421,#cda421
42,216,134,#2ad886,#2ad886
181,235,186,#b5ebba,#b5ebba
61,175,145,#3daf91,#3daf91
169,15,96,#a90f60,#a90f60
229,138,176,#e58ab0,#e58ab0
192,189,110,#c0bd6e,#c0bd6e
217,66,197,#d942c5,#d942c5
193,195,45,#c1c32d,#c1c32d
105,33,247,#6921f7,#6921f7
219,248,105,#dbf869,#dbf869
183,174,203,#b7aecb,#b7aecb
13,180,84,#0db454,#0db454
249,175,185,#f9afb9,#f9afb9
60,166,71,#3ca647,#3ca647
235,65,95,#eb415f,#eb415f
84,122,35,#547a23,#547a23
131,226,252,#83e2fc,#83e2fc
215,13,214,#d70dd6,#d70dd6
137,74,219,#894adb,#894adb
62,181,60,#3eb53c,#3eb53c
56,206,58,#38ce3a,#38ce3a
2,140,61,#028c3d,#028c3d
255,165,173,#ffa5ad,#ffa5ad
97,50,16,#613210,#613210
216,113,69,#d87145,#d87145
54,33,136,#362188,#362188
195,39,13,#c3270d,#c3270d
92,122,72,#5c7a48,#5c7a48
89,106,174,#596aae,#596aae
177,181,184,#b1b5b8,#b1b5b8
179,139,167,#b38ba7,#b38ba7
167,150,64,#a79640,#a79640
222,68,144,#de4490,#de4490
232,134,19,#e88613,#e88613
42,150,105,#2a9669,#2a9669
150,0,42,#96002a,#96002a
178,59,108,#b23b6c,#b23b6c
16,19,35,#101323,#101323
130,87,219,#8257db,#8257db
18,4,127,#12047f,#12047f
82,26,110,#521a6e,#521a6e
121,18,82,#791252,#791252
78,49,129,#4e3181,#4e3181
168,11,15,#a80b0f,#a80b0f
176,170,118,#b0aa76,#b0aa76
250,213,206,#fad5ce,#fad5ce
67,175,207,#43afcf,#43afcf
222,49,77,#de314d,#de314d
215,151,54,#d79736,#d79736
74,43,113,#4a2b71,#4a2b71
110,8,72,#6e0848,#6e0848
144,44,234,#902cea,#902cea
122,49,13,#7a310d,#7a310d
68,186,159,#44ba9f,#44ba9f
37,105,53,#256935,#256935
15,40,83,#0f2853,#0f2853
161,211,30,#a1d31e,#a1d31e
67,178,88,#43b258,#43b258
207,223,93,#cfdf5d,#cfdf5d
248,87,250,#f857fa,#f857fa
79,123,198,#4f7bc6,#4f7bc6
54,227,2,#36e302,#36e302
87,92,20,#575c14,#575c14
201,160,192,#c9a0c0,#c9a0c0
235,126,131,#eb7e83,#eb7e83
198,8,43,#c6082b,#c6082b
117,213,122,#75d57a,#75d57a
108,224,66,#6ce042,#6ce042
254,212,226,#fed4e2,#fed4e2
189,35,247,#bd23f7,#bd23f7
228,239,1,#e4ef01,#e4ef01
8,41,254,#0829fe,#0829fe
118,4,245,#7604f5,#7604f5
234,34,75,#ea224b,#ea224b
110,241,194,#6ef1c2,#6ef1c2
28,36,252,#1c24fc,#1c24fc
155,107,141,#9b6b8d,#9b6b8d
134,35,40,#862328,#862328
